지점명,주소,주소1,주소2,주소3
가평휴게소(상),경기도 가평군 설악면 미사리로 544,경기도,가평군,설악면 미사리로 544
아산장재,서울특별시 용산구 한강대로71길 47,서울특별시,용산구,한강대로71길 47
수원파장,경기도 수원시 장안구 파장로 91,경기도,수원시,장안구 파장로 91
롯데더몰여수,전라남도 여수시 국포1로 36,전라남도,여수시,국포1로 36
김포마산,경기도 김포시 김포한강8로148번길 5,경기도,김포시,김포한강8로148번길 5
신정네거리역,서울특별시 양천구 신월로 297,서울특별시,양천구,신월로 297
대구성당D/T,대구광역시 달서구 구마로 209,대구광역시,달서구,구마로 209
진주혁신,경상남도 진주시 소호로 12,경상남도,진주시,소호로 12
영암대불,전라남도 영암군 삼호읍 대불주거로 145,전라남도,영암군,삼호읍 대불주거로 145
안산사동,경기도 안산시 상록구 항가울로 28,경기도,안산시,상록구 항가울로 28
의정부고산,경기도 의정부시 문충로 116,경기도,의정부시,문충로 116
용인휴게소(하),경기도 용인시 처인구 양지면 주북로94번길 30-1,경기도,용인시,처인구 양지면 주북로94번길 30-1
진영휴게소(하),경상남도 김해시 진영읍 하계로94번길 94-4,경상남도,김해시,진영읍 하계로94번길 94-4
포항에비뉴,경상북도 포항시 남구 중흥로 77,경상북도,포항시,남구 중흥로 77
송도달빛공원,인천광역시 연수구 송도동 29-1번지(아트센터대로 169번길 100),인천광역시,연수구,송도동 29-1번지(아트센터대로 169번길 100)
광명역사,경기도 광명시 광명역로 광명역 동편 맞이방,경기도,광명시,광명역로 광명역 동편 맞이방
문경시청,경상북도 문경시 시청1길 5,경상북도,문경시,시청1길 5
청계산입구역,서울특별시 서초구 청계산로 201,서울특별시,서초구,청계산로 201
대전목원대,대전광역시 서구 도안북로93번길 7,대전광역시,서구,도안북로93번길 7
원주봉산,강원도 원주시 행구로 69,강원도,원주시,행구로 69
무안,전라남도 무안군 무안읍 면성1길 129,전라남도,무안군,무안읍 면성1길 129
안산그랑시티자이,"경기도 안산시 상록구 해양1로 199, 그랑시티 PORT AVENUE",경기도,안산시,"상록구 해양1로 199, 그랑시티 PORT AVENUE"
시화거북섬,경기도 시흥시 거북섬5길 4,경기도,시흥시,거북섬5길 4
인천왕길역,인천광역시 서구 봉화로 49,인천광역시,서구,봉화로 49
홈플러스강동,서울특별시 강동구 양재대로 1571,서울특별시,강동구,양재대로 1571
서천장항,충청남도 서천군 장항읍 장서로 73,충청남도,서천군,장항읍 장서로 73
경기북부청사,경기도 의정부시 장곡로 620,경기도,의정부시,장곡로 620
송도랜드마크시티,인천광역시 연수구 랜드마크로 68,인천광역시,연수구,랜드마크로 68
청주동남,충청북도 청주시 상당구 중고개로 141번길 13-16,충청북도,청주시,상당구 중고개로 141번길 13-16
남양주덕소,경기도 남양주시 와부읍 수레로 100,경기도,남양주시,와부읍 수레로 100
동탄산척,경기도 화성시 동탄순환대로 245,경기도,화성시,동탄순환대로 245
감일,경기도 하남시 감일백제로 109,경기도,하남시,감일백제로 109
대구연경,대구광역시 동구 동화천로 70길 39,대구광역시,동구,동화천로 70길 39
홈플러스월드컵,서울특별시 마포구 월드컵로 240,서울특별시,마포구,월드컵로 240
DMC향동,경기도 고양시 덕양구 꽃마을로 45,경기도,고양시,덕양구 꽃마을로 45
김포풍무,경기도 김포시 풍무로 122,경기도,김포시,풍무로 122
논산내동,충청남도 논산시 중앙로 255,충청남도,논산시,중앙로 255
세종반곡,세종특별자치시 한누리대로 1824,세종특별자치시,세종특별자치시,한누리대로 1824
남양주화도D/T,경기도 남양주시 화도읍 먹갓로28번길 77-4,경기도,남양주시,화도읍 먹갓로28번길 77-4
천안나사렛,충청남도 천안시 서북구 월봉로 79,충청남도,천안시,서북구 월봉로 79
대구불로봉무,대구광역시 동구 팔공로 131,대구광역시,동구,팔공로 131
대구장기,대구광역시 달서구 장기로 264,대구광역시,달서구,장기로 264
광주주월,광주광역시 남구 서문대로 753,광주광역시,남구,서문대로 753
부산동아대,부산광역시 사하구 낙동대로550번길 1,부산광역시,사하구,낙동대로550번길 1
구미선산,경상북도 구미시 선산읍 선산중앙로 68,경상북도,구미시,선산읍 선산중앙로 68
대구침산,대구광역시 북구 침산로 170-1,대구광역시,북구,침산로 170-1
시흥은계,경기도 시흥시 은계번영길 25,경기도,시흥시,은계번영길 25
원주단관,강원도 원주시 단관길 125,강원도,원주시,단관길 125
충주호암,"충청북도 충주시 호암토성2로 상가동 지하1층 B-108호,109호",충청북도,충주시,"호암토성2로 상가동 지하1층 B-108호,109호"
천안역사,충청남도 천안시 동남구 대흥로 239,충청남도,천안시,동남구 대흥로 239
안양석수,경기도 안양시 만안구 안양로 483,경기도,안양시,만안구 안양로 483
경기광주역,경기도 광주시 역동로 59,경기도,광주시,역동로 59
청주남문성안길,충청북도 청주시 상당구 성안로 51,충청북도,청주시,상당구 성안로 51
김포고촌,경기도 김포시 고촌읍 장차로5번길 10,경기도,김포시,고촌읍 장차로5번길 10
부평역,인천광역시 부평구 광장로 16,인천광역시,부평구,광장로 16
오송역사,충청북도 청주시 흥덕구 오송읍 오송가락로 123,충청북도,청주시,흥덕구 오송읍 오송가락로 123
고덕국제,경기도 평택시 고덕면 고덕중앙로 218,경기도,평택시,고덕면 고덕중앙로 218
양양,강원도 양양군 양양읍 양양로 15-1,강원도,양양군,양양읍 양양로 15-1
제주함덕,제주특별자치도 제주시 조천읍 조함해안로 530,제주특별자치도,제주시,조천읍 조함해안로 530
광주효천,광주광역시 남구 효천로 51,광주광역시,남구,효천로 51
비발디파크,강원도 홍천군 서면 한치골길 262,강원도,홍천군,서면 한치골길 262
울산송정,울산광역시 북구 화산로 109,울산광역시,북구,화산로 109
전주법원,전라북도 전주시 덕진구 만성중앙로 60,전라북도,전주시,덕진구 만성중앙로 60
동탄호수공원,경기도 화성시 동탄면 동탄순환대로 127-19,경기도,화성시,동탄면 동탄순환대로 127-19
용산역사,서울특별시 용산구 청파로 56-20,서울특별시,용산구,청파로 56-20
수원당수,경기도 수원시 권선구 당진로 20,경기도,수원시,권선구 당진로 20
천안신당,충청남도 천안시 서북구 천안대로 1215,충청남도,천안시,서북구 천안대로 1215
이천송정,경기도 이천시 증신로291번길 119-1,경기도,이천시,증신로291번길 119-1
이천,경기도 이천시 이섭대천로1217번길 26,경기도,이천시,이섭대천로1217번길 26
홈플러스북수원,경기도 수원시 장안구 경수대로 930,경기도,수원시,장안구 경수대로 930
구산역,서울특별시 은평구 연서로 130,서울특별시,은평구,연서로 130
평택서정,"경기도 평택시 정암로 32,1동",경기도,평택시,"정암로 32,1동"
마곡역,"서울특별시 강서구 마곡서로 56, 3동 1층 102호",서울특별시,강서구,"마곡서로 56, 3동 1층 102호"
거제고현,경상남도 거제시 서문로 70,경상남도,거제시,서문로 70
광주운천,광주광역시 서구 상무대로 879,광주광역시,서구,상무대로 879
경남산청,경상남도 산청군 산청읍 친환경로 2693,경상남도,산청군,산청읍 친환경로 2693
원주기업도시,"강원도 원주시 지정면 신지정로 180,롯데프라자",강원도,원주시,"지정면 신지정로 180,롯데프라자"
홈플러스칠곡,대구광역시 북구 동암로12길 8,대구광역시,북구,동암로12길 8
군포송정지구,경기도 군포시 송부로 42,경기도,군포시,송부로 42
세종고운,세종특별자치시 마음안1로 137,세종특별자치시,세종특별자치시,마음안1로 137
세종보람디엠시티,세종특별자치시 한누리대로 2165,세종특별자치시,세종특별자치시,한누리대로 2165
진주초장,경상남도 진주시 초북로 40,경상남도,진주시,초북로 40
홍은포방,서울특별시 서대문구 홍은중앙로 100,서울특별시,서대문구,홍은중앙로 100
세종소담,세종특별자치시 한누리대로 2009,세종특별자치시,세종특별자치시,한누리대로 2009
용인동백,경기도 용인시 기흥구 동백5로 21-11,경기도,용인시,기흥구 동백5로 21-11
대구옥포,대구광역시 달성군 옥포면 돌미상업로 6,대구광역시,달성군,옥포면 돌미상업로 6
대구삼덕,대구광역시 중구 동덕로 125,대구광역시,중구,동덕로 125
송산새솔동,경기도 화성시 수노을중앙로 122,경기도,화성시,수노을중앙로 122
홈플러스동광주,광주광역시 북구 동문대로 200,광주광역시,북구,동문대로 200
광주운리,광주광역시 서구 풍암운리로 8,광주광역시,서구,풍암운리로 8
진주대안,경상남도 진주시 진주대로 1077,경상남도,진주시,진주대로 1077
청주테크노폴리스,충청북도 청주시 흥덕구 송화로 172-1,충청북도,청주시,흥덕구 송화로 172-1
평택포승,경기도 평택시 포승읍 여술2길 15,경기도,평택시,포승읍 여술2길 15
롯데광복,부산광역시 중구 중앙대로 롯데백화점 지하 1층,부산광역시,중구,중앙대로 롯데백화점 지하 1층
대구황금네거리,대구광역시 수성구 청수로 117,대구광역시,수성구,청수로 117
제주공항국내선탑승,제주특별자치도 제주시 공항로 제주공항,제주특별자치도,제주시,공항로 제주공항
마산로봇랜드,경상남도 창원시 마산합포구 구산면 로봇랜드로 1층,경상남도,창원시,마산합포구 구산면 로봇랜드로 1층
전주에코,전라북도 전주시 덕진구 세병남로 롯데리아,전라북도,전주시,덕진구 세병남로 롯데리아
대구서성네거리,대구광역시 중구 서성로 33,대구광역시,중구,서성로 33
다산진건,경기도 남양주시 다산순환로 KB골든타워,경기도,남양주시,다산순환로 KB골든타워
진도,전라남도 진도군 진도읍 남문길 6,전라남도,진도군,진도읍 남문길 6
홈플러스간석,인천광역시 남동구 경원대로 971,인천광역시,남동구,경원대로 971
평창진부,강원도 평창군 진부면 진부중앙로 71,강원도,평창군,진부면 진부중앙로 71
홈플러스창원,경상남도 창원시 의창구 창원대로 415,경상남도,창원시,의창구 창원대로 415
당진합덕,충청남도 당진시 합덕읍 합덕시장로 214-4,충청남도,당진시,합덕읍 합덕시장로 214-4
판교D/T,경기도 성남시 분당구 동판교로 42,경기도,성남시,분당구 동판교로 42
이대,서울특별시 서대문구 이화여대길 59,서울특별시,서대문구,이화여대길 59
이천마장,경기도 이천시 마장면 오천로 67,경기도,이천시,마장면 오천로 67
전주시청,전라북도 전주시 덕진구 기린대로 236,전라북도,전주시,덕진구 기린대로 236
경남의령,경상남도 의령군 의령읍 행복로 7,경상남도,의령군,의령읍 행복로 7
전북대,전라북도 전주시 덕진구 명륜4길 17,전라북도,전주시,덕진구 명륜4길 17
익산제일,전라북도 익산시 무왕로13길 13,전라북도,익산시,무왕로13길 13
화성비봉,경기도 화성시 비봉면 양노로 78-5,경기도,화성시,비봉면 양노로 78-5
제천강저,충청북도 제천시 강저로 226,충청북도,제천시,강저로 226
메가마트동래,부산광역시 동래구 충렬대로  197 메가마트동래점 2F,부산광역시,동래구,충렬대로  197 메가마트동래점 2F
김해장유,경상남도 김해시 능동로167번길 1,경상남도,김해시,능동로167번길 1
부천송내D/T,경기도 부천시 소사구 경인로 36,경기도,부천시,소사구 경인로 36
롯데백인천터미널,인천광역시 미추홀구 연남로 35,인천광역시,미추홀구,연남로 35
광주첨단,광주광역시 광산구 첨단중앙로 152,광주광역시,광산구,첨단중앙로 152
홈플러스광주하남,광주광역시 광산구 용아로 390,광주광역시,광산구,용아로 390
수원영통,경기도 수원시 영통구 청명남로 21,경기도,수원시,영통구 청명남로 21
창원대동백화점,경상남도 창원시 성산구 원이대로 730 대동백화점,경상남도,창원시,성산구 원이대로 730 대동백화점
구미산동,경상북도 구미시 신당1로2길 1동 1층,경상북도,구미시,신당1로2길 1동 1층
롯데마트영통,경기도 수원시 영통구 봉영로 1579,경기도,수원시,영통구 봉영로 1579
미사역,경기도 하남시 미사강변중앙로 218,경기도,하남시,미사강변중앙로 218
진해자은,경상남도 창원시 진해구 냉천로 164,경상남도,창원시,진해구 냉천로 164
수원고색,경기도 수원시 권선구 매송고색로691번길 18,경기도,수원시,권선구 매송고색로691번길 18
전북진안,전라북도 진안군 진안읍 진무로 1093 1층 롯데리아,전라북도,진안군,진안읍 진무로 1093 1층 롯데리아
동탄주거단지,경기도 화성시 동탄순환대로18길 16,경기도,화성시,동탄순환대로18길 16
안성중앙대,경기도 안성시 대덕면 대학2길 22,경기도,안성시,대덕면 대학2길 22
영남대D/T,경상북도 경산시 대학로 316,경상북도,경산시,대학로 316
홈플러스중계,서울특별시 노원구 동일로204가길 12,서울특별시,노원구,동일로204가길 12
광교,경기도 수원시 영통구 도청로89번길 43,경기도,수원시,영통구 도청로89번길 43
롯데마트중계,서울특별시 노원구 노원로 330,서울특별시,노원구,노원로 330
가평설악,경기도 가평군 설악면 신천중앙로 98,경기도,가평군,설악면 신천중앙로 98
부산괴정,부산광역시 사하구 괴정동 970-2,부산광역시,사하구,괴정동 970-2
경남대,경상남도 창원시 마산합포구 가포로 8,경상남도,창원시,마산합포구 가포로 8
서산해미,충청남도 서산시 해미면 남문2로 121,충청남도,서산시,해미면 남문2로 121
서산테크노밸리,충청남도 서산시 성연면 성연4로 27-28,충청남도,서산시,성연면 성연4로 27-28
하나로제주성산,제주특별자치도 서귀포시 성산읍 일주동로 4282,제주특별자치도,서귀포시,성산읍 일주동로 4282
파주야당역,경기도 파주시 경의로 1092,경기도,파주시,경의로 1092
밀양하남,경상남도 밀양시 하남읍 수산중앙로 93-1,경상남도,밀양시,하남읍 수산중앙로 93-1
인천도화,인천광역시 미추홀구 숙골로 100,인천광역시,미추홀구,숙골로 100
광주퇴촌,경기도 광주시 퇴촌면 천진암로 354,경기도,광주시,퇴촌면 천진암로 354
여수예술랜드,전라남도 여수시 돌산읍 무술목길 142-1,전라남도,여수시,돌산읍 무술목길 142-1
용인남사,경기도 용인시 처인구 남사면 한숲로 54 1층 104호,경기도,용인시,처인구 남사면 한숲로 54 1층 104호
장생포,울산광역시 남구 장생포고래로 244,울산광역시,남구,장생포고래로 244
용인송전,"경기도 용인시 처인구 이동면 경기동로687번길 22번길, 103,104호",경기도,용인시,"처인구 이동면 경기동로687번길 22번길, 103,104호"
왕십리역사,서울특별시 성동구 왕십리광장로 17,서울특별시,성동구,왕십리광장로 17
화곡역,서울특별시 강서구 화곡로 157,서울특별시,강서구,화곡로 157
홈플러스울산남구,울산광역시 남구 수암로 148,울산광역시,남구,수암로 148
파주광탄,경기도 파주시 광탄면 혜음로 1128-1,경기도,파주시,광탄면 혜음로 1128-1
부산서동,부산광역시 금정구 서동로 159-7,부산광역시,금정구,서동로 159-7
인천가정,인천광역시 서구 염곡로498번길 18,인천광역시,서구,염곡로498번길 18
순천조례,전라남도 순천시 봉화2길 113,전라남도,순천시,봉화2길 113
롯데마트동래,부산광역시 동래구 중앙대로 1393,부산광역시,동래구,중앙대로 1393
서충주신도시,충청북도 충주시 중앙탑면 기업도시로 222,충청북도,충주시,중앙탑면 기업도시로 222
대전세이,대전광역시 중구 계백로 1700,대전광역시,중구,계백로 1700
밀양삼문,경상남도 밀양시 중앙로 241,경상남도,밀양시,중앙로 241
방배역,서울특별시 서초구 방배로 96,서울특별시,서초구,방배로 96
안동문화의거리,경상북도 안동시 서동문로 176,경상북도,안동시,서동문로 176
경북의성,경상북도 의성군 의성읍 동서1길 26,경상북도,의성군,의성읍 동서1길 26
오남어람,경기도 남양주시 오남읍 진건오남로 511,경기도,남양주시,오남읍 진건오남로 511
전남곡성,전라남도 곡성군 곡성읍 곡성로 817,전라남도,곡성군,곡성읍 곡성로 817
해운대D/T,부산광역시 해운대구 해운대로 592,부산광역시,해운대구,해운대로 592
강남일원,서울특별시 강남구 양재대로55길 21,서울특별시,강남구,양재대로55길 21
금정역,경기도 군포시 산본천로 213,경기도,군포시,산본천로 213
서면지하상가,부산광역시 부산진구 가야대로 743,부산광역시,부산진구,가야대로 743
경북신영주,경상북도 영주시 대학로12번길 4,경상북도,영주시,대학로12번길 4
음성삼성,충청북도 음성군 삼성면 덕정로30번길 7-2,충청북도,음성군,삼성면 덕정로30번길 7-2
여수죽림,전라남도 여수시 소라면 죽림로 3,전라남도,여수시,소라면 죽림로 3
원주흥업,강원도 원주시 흥업면 남원로 52-5,강원도,원주시,흥업면 남원로 52-5
동탄CGV,경기도 화성시 동탄대로 537,경기도,화성시,동탄대로 537
창천,서울특별시 서대문구 신촌로 15,서울특별시,서대문구,신촌로 15
김포국제공항국내선청사4F,서울특별시 강서구 하늘길 112,서울특별시,강서구,하늘길 112
부산연지,부산광역시 부산진구 새싹로 170,부산광역시,부산진구,새싹로 170
평택세교,경기도 평택시 세교로 5,경기도,평택시,세교로 5
평택진위D/T,경기도 평택시 진위면 경기대로 1929,경기도,평택시,진위면 경기대로 1929
청주옥산,충청북도 청주시 흥덕구 옥산면 청주역로 629,충청북도,청주시,흥덕구 옥산면 청주역로 629
춘천장학,강원도 춘천시 동면 춘천순환로 600,강원도,춘천시,동면 춘천순환로 600
시흥현대시장,서울특별시 금천구 독산로 독산로 128번길,서울특별시,금천구,독산로 독산로 128번길
인천공항제2여객터미널3층,인천광역시 중구 공항로 271,인천광역시,중구,공항로 271
부산광안역,부산광역시 수영구 수영로 581,부산광역시,수영구,수영로 581
인천공항제2여객터미널1층,인천광역시 중구 제2터미널대로 446,인천광역시,중구,제2터미널대로 446
구리갈매,"경기도 구리시 갈매중앙로 91, 105호",경기도,구리시,"갈매중앙로 91, 105호"
당진기지시,충청남도 당진시 송악읍 반촌로 기지시리 153-9,충청남도,당진시,송악읍 반촌로 기지시리 153-9
포항법원,경상북도 포항시 북구 신덕로 274,경상북도,포항시,북구 신덕로 274
순천용당,전라남도 순천시 삼산로 102,전라남도,순천시,삼산로 102
울산삼산D/I,울산광역시 남구 화합로 194,울산광역시,남구,화합로 194
구미신평D/T,경상북도 구미시 구미대로 389(신평동),경상북도,구미시,구미대로 389(신평동)
보라매타운,서울특별시 관악구 보라매로5길 35,서울특별시,관악구,보라매로5길 35
진해남문,경상남도 창원시 진해구 남영로55번길 5,경상남도,창원시,진해구 남영로55번길 5
시흥휴게소,경기도 시흥시 서울외곽순환고속도로 105,경기도,시흥시,서울외곽순환고속도로 105
청량리역사,서울특별시 동대문구 왕산로 왕산로 214길,서울특별시,동대문구,왕산로 왕산로 214길
용인시청D/T,경기도 용인시 처인구 중부대로 1137,경기도,용인시,처인구 중부대로 1137
전북장수,전라북도 장수군 장수읍 성산길 2,전라북도,장수군,장수읍 성산길 2
목동킴스클럽,서울특별시 양천구 목동동로 309,서울특별시,양천구,목동동로 309
롯데마트김포한강신도시,경기도 김포시 김포한강2로 41,경기도,김포시,김포한강2로 41
부산지사,부산광역시 강서구 과학산단2로 12,부산광역시,강서구,과학산단2로 12
경주보문,경상북도 경주시 보문로 465-67,경상북도,경주시,보문로 465-67
벌교,전라남도 보성군 벌교읍 채동선로 223-1,전라남도,보성군,벌교읍 채동선로 223-1
용인백암,경기도 용인시 처인구 백암면 백암로 186번길3,경기도,용인시,처인구 백암면 백암로 186번길3
울릉도,경상북도 울릉군 울릉읍 도동길 118,경상북도,울릉군,울릉읍 도동길 118
대전도안,대전광역시 서구 원도안로179번길 76-9,대전광역시,서구,원도안로179번길 76-9
롯데속초리조트,강원도 속초시 대포항길 186,강원도,속초시,대포항길 186
내린천휴게소,강원도 인제군 상남면 서울양양고속도로 117,강원도,인제군,상남면 서울양양고속도로 117
의정부낙양,경기도 의정부시 용민로 407,경기도,의정부시,용민로 407
양주옥정,경기도 양주시 회천남로 (목정동 M타워),경기도,양주시,회천남로 (목정동 M타워)
롯데마트시흥배곧,경기도 시흥시 서울대학로278번길 67,경기도,시흥시,서울대학로278번길 67
울산역사,울산광역시 울주군 삼남면 울산역로 177,울산광역시,울주군,삼남면 울산역로 177
송파하비오,서울특별시 송파구 송파대로 111,서울특별시,송파구,송파대로 111
광주하남2지구,광주광역시 광산구 용아로379번길 54,광주광역시,광산구,용아로379번길 54
충북혁신도시,충청북도 음성군 맹동면 대하3길 위너스타워,충청북도,음성군,맹동면 대하3길 위너스타워
배곧신도시,경기도 시흥시 배곧4로 103,경기도,시흥시,배곧4로 103
제주표선해변,제주특별자치도 서귀포시 표선면 표선백사로 127,제주특별자치도,서귀포시,표선면 표선백사로 127
하나로고양,경기도 고양시 일산서구 대화로 362,경기도,고양시,일산서구 대화로 362
부산남산정역,부산광역시 북구 만덕3로 21,부산광역시,북구,만덕3로 21
울산정자해변,울산광역시 북구 화암길 3,울산광역시,북구,화암길 3
롯데마트서울양평,서울특별시 영등포구 선유로 138,서울특별시,영등포구,선유로 138
부산전포,부산광역시 부산진구 전포대로200번길 17,부산광역시,부산진구,전포대로200번길 17
해운대백병원,부산광역시 해운대구 해운대로 875,부산광역시,해운대구,해운대로 875
신부산역사,부산광역시 동구 중앙대로 206,부산광역시,동구,중앙대로 206
양주광적,경기도 양주시 광적면 삼일로 11,경기도,양주시,광적면 삼일로 11
천안불당,충청남도 천안시 서북구 불당10길 -,충청남도,천안시,서북구 불당10길 -
울산우정,울산광역시 중구 유곡로 20,울산광역시,중구,유곡로 20
하나로마트광주수완,광주광역시 광산구 임방울대로 261,광주광역시,광산구,임방울대로 261
대전죽동,대전광역시 유성구 죽동로279번길 16,대전광역시,유성구,죽동로279번길 16
향남2신도시,경기도 화성시 향남읍 발안로 발안양감로,경기도,화성시,향남읍 발안로 발안양감로
익산역,전라북도 익산시 익산대로 158-1,전라북도,익산시,익산대로 158-1
백령도,인천광역시 옹진군 백령면 백령로 236,인천광역시,옹진군,백령면 백령로 236
평내,경기도 남양주시 경춘로1256번길 34,경기도,남양주시,경춘로1256번길 34
인천서구,인천광역시 서구 가정로 361,인천광역시,서구,가정로 361
전주평화,전라북도 전주시 완산구 모악로 4754,전라북도,전주시,완산구 모악로 4754
아산테크노밸리,충청남도 아산시 둔포면 아산밸리중앙로 82,충청남도,아산시,둔포면 아산밸리중앙로 82
진주상봉,경상남도 진주시 의병로 56,경상남도,진주시,의병로 56
대전산성,대전광역시 중구 보문산로 45-1,대전광역시,중구,보문산로 45-1
포항효자,경상북도 포항시 남구 효자동길 12,경상북도,포항시,남구 효자동길 12
홈플러스파주운정,경기도 파주시 청암로 17번길 17,경기도,파주시,청암로 17번길 17
오산세교D/T,경기도 오산시 경기대로 859,경기도,오산시,경기대로 859
순천오천,전라남도 순천시 오천6길 19,전라남도,순천시,오천6길 19
안산와동,경기도 안산시 단원구 와동로 43,경기도,안산시,단원구 와동로 43
장한평역,서울특별시 동대문구 천호대로 401,서울특별시,동대문구,천호대로 401
충주용산,충청북도 충주시 남산로 73,충청북도,충주시,남산로 73
안양석수D/T,경기도 안양시 만안구 경수대로 1401,경기도,안양시,만안구 경수대로 1401
양산증산,경상남도 양산시 물금읍 증산역로 153 정우프라자,경상남도,양산시,물금읍 증산역로 153 정우프라자
목감신도시,경기도 시흥시 목감우회로114번길 롯데리아,경기도,시흥시,목감우회로114번길 롯데리아
부산명지국제신도시,부산광역시 강서구 명지국제6로 부산 강서구 명지국제8로 233 1,부산광역시,강서구,명지국제6로 부산 강서구 명지국제8로 233 1
중화역,서울특별시 중랑구 동일로 802,서울특별시,중랑구,동일로 802
아산북수,충청남도 아산시 배방읍 북수로 121,충청남도,아산시,배방읍 북수로 121
동탄역사,경기도 화성시 동탄면 동탄기흥로257번가길 111,경기도,화성시,동탄면 동탄기흥로257번가길 111
수서역사,서울특별시 강남구 밤고개로 99 SRT수서역사 지하1층,서울특별시,강남구,밤고개로 99 SRT수서역사 지하1층
대구금호사수,대구광역시 북구 한강로4길 9,대구광역시,북구,한강로4길 9
경북도청,"경상북도 안동시 풍천면 천년숲서로 29, 1층 116호",경상북도,안동시,"풍천면 천년숲서로 29, 1층 116호"
진주신안,경상남도 진주시 진양호로 282,경상남도,진주시,진양호로 282
양산물금,경상남도 양산시 물금읍 야리로 17,경상남도,양산시,물금읍 야리로 17
제기역,서울특별시 동대문구 왕산로 86,서울특별시,동대문구,왕산로 86
안성휴게소(상),경기도 안성시 원곡면 경부고속도로 372,경기도,안성시,원곡면 경부고속도로 372
대구세천,대구광역시 달성군 다사읍 세천남로 1581-6,대구광역시,달성군,다사읍 세천남로 1581-6
수원연무,경기도 수원시 장안구 창룡대로 197,경기도,수원시,장안구 창룡대로 197
경기대역,경기도 수원시 영통구 대학4로 9,경기도,수원시,영통구 대학4로 9
파주적성,경기도 파주시 적성면 마지리 46-8,경기도,파주시,적성면 마지리 46-8
양재동,서울특별시 서초구 동산로 22,서울특별시,서초구,동산로 22
정읍상동,전라북도 정읍시 신경2길 28,전라북도,정읍시,신경2길 28
영등포롯데,서울특별시 영등포구 경인로 846 롯데백화점 영등포점 지하1층,서울특별시,영등포구,경인로 846 롯데백화점 영등포점 지하1층
영등포역사,서울특별시 영등포구 경인로102길 13,서울특별시,영등포구,경인로102길 13
대구가창D/T,대구광역시 달성군 가창면 가창로 1075,대구광역시,달성군,가창면 가창로 1075
포일IT,경기도 의왕시 포일세거리로 10,경기도,의왕시,포일세거리로 10
안성맞춤휴게소(상),경기도 안성시 서운면 평택제천고속도로 41,경기도,안성시,서운면 평택제천고속도로 41
안성맞춤휴게소(하),경기도 안성시 서운면 평택제천고속도로 40,경기도,안성시,서운면 평택제천고속도로 40
죽암휴게소(하)D/T,충청북도 청주시 서원구 현도면 경부고속도로 289,충청북도,청주시,서원구 현도면 경부고속도로 289
용인모현,경기도 용인시 처인구 모현면 백옥대로 2387,경기도,용인시,처인구 모현면 백옥대로 2387
부산해운대좌동,부산광역시 해운대구 좌동순환로 74,부산광역시,해운대구,좌동순환로 74
평택안중D/I,경기도 평택시 안중읍 안현로서9길 5,경기도,평택시,안중읍 안현로서9길 5
화성반월,경기도 화성시 영통로27번길 1,경기도,화성시,영통로27번길 1
남성역,서울특별시 동작구 사당로 200,서울특별시,동작구,사당로 200
울산옥동타워,울산광역시 남구 문수로 399,울산광역시,남구,문수로 399
영주가흥,경상북도 영주시 대동로31번길 2,경상북도,영주시,대동로31번길 2
전주하가D/I,전라북도 전주시 덕진구 덕진동2가 392-7,전라북도,전주시,덕진구 덕진동2가 392-7
용인천리,경기도 용인시 처인구 이동면 백옥대로 641,경기도,용인시,처인구 이동면 백옥대로 641
부산재송,부산광역시 해운대구 재반로 86,부산광역시,해운대구,재반로 86
고성간성,강원도 고성군 간성읍 간성로 59-1,강원도,고성군,간성읍 간성로 59-1
오창2산단,충청북도 청주시 청원구 오창읍 주성1길 5,충청북도,청주시,청원구 오창읍 주성1길 5
부산민락,부산광역시 수영구 광안해변로 282,부산광역시,수영구,광안해변로 282
이천하이닉스,경기도 이천시 경충대로 2096-4,경기도,이천시,경충대로 2096-4
파주당동,경기도 파주시 문산읍 방촌로 1719-57,경기도,파주시,문산읍 방촌로 1719-57
현풍테크노폴리스,대구광역시 달성군 유가면 테크노대로 61,대구광역시,달성군,유가면 테크노대로 61
수지풍덕천,경기도 용인시 수지구 풍덕천로 133,경기도,용인시,수지구 풍덕천로 133
의정부민락,"경기도 의정부시 천보로 44, 해동본타워 1층 102호",경기도,의정부시,"천보로 44, 해동본타워 1층 102호"
광주백운,광주광역시 남구 독립로 100-1,광주광역시,남구,독립로 100-1
세종종촌,세종특별자치시 도움1로 108,세종특별자치시,세종특별자치시,도움1로 108
부산신호,부산광역시 강서구 신호산단2로27번길 3,부산광역시,강서구,신호산단2로27번길 3
전남함평,전라남도 함평군 함평읍 중앙길 21,전라남도,함평군,함평읍 중앙길 21
울산명촌,울산광역시 북구 명촌로 45,울산광역시,북구,명촌로 45
위례역,경기도 성남시 수정구 위례광장로 25,경기도,성남시,수정구 위례광장로 25
안산부곡,경기도 안산시 상록구 부곡로 118,경기도,안산시,상록구 부곡로 118
청주내수,충청북도 청주시 청원구 내수읍 마산2길 49,충청북도,청주시,청원구 내수읍 마산2길 49
김천혁신도시,경상북도 김천시 혁신4로 7,경상북도,김천시,혁신4로 7
인덕원역,경기도 안양시 동안구 흥안대로 527,경기도,안양시,동안구 흥안대로 527
주안,인천광역시 미추홀구 주안로 지하86,인천광역시,미추홀구,주안로 지하86
제주한림,제주특별자치도 제주시 한림읍 936-7,제주특별자치도,제주시,한림읍 936-7
동탄커뮤니티,"경기도 화성시 동탄순환대로 685, 104호",경기도,화성시,"동탄순환대로 685, 104호"
구미문성,경상북도 구미시 고아읍 들성로 213,경상북도,구미시,고아읍 들성로 213
충남도청,충청남도 홍성군 홍북면 의향로 263,충청남도,홍성군,홍북면 의향로 263
평택청북D/T,경기도 평택시 청북면 서해로 1540,경기도,평택시,청북면 서해로 1540
보령동대,충청남도 보령시 주공로 5,충청남도,보령시,주공로 5
춘천우두,강원도 춘천시 충열로 39,강원도,춘천시,충열로 39
대구율하중앙,대구광역시 동구 안심로22길 40-5,대구광역시,동구,안심로22길 40-5
무주리조트,"전라북도 무주군 설천면 만선로 185, 1층",전라북도,무주군,"설천면 만선로 185, 1층"
롯데마트마산양덕,경상남도 창원시 마산회원구 삼호로 80,경상남도,창원시,마산회원구 삼호로 80
용산서계,서울특별시 마포구 만리재로 150-1,서울특별시,마포구,만리재로 150-1
구월아시아드,인천광역시 미추홀구 인하로 563,인천광역시,미추홀구,인하로 563
울산반구,울산광역시 중구 염포로 21,울산광역시,중구,염포로 21
시흥하중,경기도 시흥시 하중로 213-1,경기도,시흥시,하중로 213-1
세종부강,세종특별자치시 부강면 부강로 42,세종특별자치시,세종특별자치시,부강면 부강로 42
홈플러스송도,인천광역시 연수구 송도국제대로 -,인천광역시,연수구,송도국제대로 -
인천학산,인천광역시 미추홀구 한나루로 389,인천광역시,미추홀구,한나루로 389
창원감계,경상남도 창원시 의창구 북면 동전로45번길 23,경상남도,창원시,의창구 북면 동전로45번길 23
전남구례,전라남도 구례군 구례읍 봉성로 70,전라남도,구례군,구례읍 봉성로 70
거제상문,경상남도 거제시 상동동 590-1,경상남도,거제시,상동동 590-1
김천모다아울렛,"경상북도 김천시 아포읍 아포대로 1417, 김천모다아울렛 101동 3층",경상북도,김천시,"아포읍 아포대로 1417, 김천모다아울렛 101동 3층"
인천공항A/S동편,인천광역시 중구 운서동 2851,인천광역시,중구,운서동 2851
서대문역,서울특별시 서대문구 충정로2가 8-2,서울특별시,서대문구,충정로2가 8-2
인천공항1층,인천광역시 중구 운서동 2851,인천광역시,중구,운서동 2851
자운대,대전광역시 유성구 자운로97번길 1층,대전광역시,유성구,자운로97번길 1층
청주강내,충청북도 청원군 강내면 탑연리 277-2,충청북도,청주시,강내면 탑연리 277-2
삼양사거리,서울특별시 강북구 미아동 701-5,서울특별시,강북구,미아동 701-5
롯데아울렛고양터미널,경기도 고양시 일산동구 백석동 1242,경기도,고양시,일산동구 백석동 1242
모슬포,제주특별자치도 서귀포시 대정읍 하모리 2143-3,제주특별자치도,서귀포시,대정읍 하모리 2143-3
부산송도,부산광역시 서구 암남동 334-11,부산광역시,서구,암남동 334-11
용인휴게소(상),경기도 용인시 처인구 고림동 89,경기도,용인시,처인구 고림동 89
패션아일랜드대전,대전광역시 동구 가오동 557,대전광역시,동구,가오동 557
대구역사,대구광역시 북구 칠성동2가 302-155,대구광역시,북구,칠성동2가 302-155
전주도청,전라북도 전주시 완산구 효자동2가 1239-4,전라북도,전주시,완산구 효자동2가 1239-4
당진신평,충청남도 당진군 신평면 거산리 15-6,충청남도,당진시,신평면 거산리 15-6
일산웨스턴돔,경기도 고양시 일산동구 장항동 855,경기도,고양시,일산동구 장항동 855
광주선운,광주광역시 광산구 선암동 569,광주광역시,광산구,선암동 569
평택비전,경기도 평택시 비전동 1012 J타워 1층,경기도,평택시,비전동 1012 J타워 1층
고양원흥,경기도 고양시 덕양구 도내동 957,경기도,고양시,덕양구 도내동 957
천왕역,서울특별시 구로구 오류동 306-4,서울특별시,구로구,오류동 306-4
아산용화,충청남도 아산시 용화동 1405,충청남도,아산시,용화동 1405
아산신창,충청남도 아산시 배미동 240 1층,충청남도,아산시,배미동 240 1층
외대역,서울특별시 동대문구 휘경로 5-1,서울특별시,동대문구,휘경로 5-1
화성화산D/T,경기도 화성시 안녕동 37-89,경기도,화성시,안녕동 37-89
청주지웰,충청북도 청주시 흥덕구 복대동 288-115 1층,충청북도,청주시,흥덕구 복대동 288-115 1층
서울대입구역,서울특별시 관악구 봉천동 863-1,서울특별시,관악구,봉천동 863-1
대전월평,대전광역시 서구 월평동 912 1층,대전광역시,서구,월평동 912 1층
신방화역,"서울특별시 강서구 방화동 B2-2 마곡SB타운 117호, 118호, 208-1호",서울특별시,강서구,"방화동 B2-2 마곡SB타운 117호, 118호, 208-1호"
강릉주문진,강원도 강릉시 주문진읍 주문리 323-6,강원도,강릉시,주문진읍 주문리 323-6
진주초전D/I,경상남도 진주시 대신로 474,경상남도,진주시,대신로 474
서동탄역,경기도 화성시 능동 1154-8,경기도,화성시,능동 1154-8
오목천D/T,경기도 수원시 권선구 오목천동 316-1,경기도,수원시,권선구 오목천동 316-1
가평현리,경기도 가평군 하면 현리 가평군 하면 현리 409-11,경기도,가평군,하면 현리 가평군 하면 현리 409-11
천안통정,충청남도 천안시 동남구 신방동 1534,충청남도,천안시,동남구 신방동 1534
성남도촌,경기도 성남시 중원구 도촌동 604,경기도,성남시,중원구 도촌동 604
롯데이천아울렛,경기도 이천시 호법면 단천리 산51-7,경기도,이천시,호법면 단천리 산51-7
제주외도D/T,제주특별자치도 제주시 외도2동 343-9,제주특별자치도,제주시,외도2동 343-9
여주가남,경기도 여주시 가남면 태평리 110-7,경기도,여주시,가남면 태평리 110-7
충남광천,충청남도 홍성군 광천읍 189-2 1층,충청남도,홍성군,광천읍 189-2 1층
서울대,서울특별시 관악구 대학동 산 56-1 서울대학교 內,서울특별시,관악구,대학동 산 56-1 서울대학교 內
센텀프라자빌딩,부산광역시 해운대구 우동 1078-1,부산광역시,해운대구,우동 1078-1
광주농성D/T,광주광역시 서구 죽봉대로 21-1,광주광역시,서구,죽봉대로 21-1
김포구래,경기도 김포시 김포한강9로 경기도 김포시 한강9로 76번길,경기도,김포시,김포한강9로 경기도 김포시 한강9로 76번길
롯데아울렛동부산1층,부산광역시 기장군 기장해안로147 동부산롯데아울렛 A130,부산광역시,기장군,기장해안로147 동부산롯데아울렛 A130
원주반곡,강원도 원주시 반곡동 1878-8,강원도,원주시,반곡동 1878-8
청주율량2지구,충청북도 청주시 청원구 충청대로 174번길(주성동 343번지),충청북도,청주시,청원구 충청대로 174번길(주성동 343번지)
청평D/T,경기도 가평군 청평면 청평리 312-9,경기도,가평군,청평면 청평리 312-9
나주혁신,전라남도 나주시 금천면 빛가람로 189-1,전라남도,나주시,금천면 빛가람로 189-1
안동용상D/T,경상북도 안동시 용상동 1076-3 SK에너지 주유소 內,경상북도,안동시,용상동 1076-3 SK에너지 주유소 內
전남장성,전라남도 장성군 장성읍 영천로 166,전라남도,장성군,장성읍 영천로 166
대구월드컵대로,대구광역시 수성구 유니버시아드로 338(욱수동 121),대구광역시,수성구,유니버시아드로 338(욱수동 121)
부산학장,부산광역시 사상구 학장동 574-100,부산광역시,사상구,학장동 574-100
경북봉화,경상북도 봉화군 봉화읍 내성리 394-18,경상북도,봉화군,봉화읍 내성리 394-18
롯데아울렛광명,경기도 광명시 일직동 500 롯데아울렛광명점 5층내,경기도,광명시,일직동 500 롯데아울렛광명점 5층내
세종첫마을,세종특별자치시 나성동 540번지,세종특별자치시,세종특별자치시,나성동 540번지
경남하동,경상남도 하동군 하동읍 읍내리 233-22,경상남도,하동군,하동읍 읍내리 233-22
홈플러스세종,세종특별자치시 어진동 307-3,세종특별자치시,세종특별자치시,어진동 307-3
거제수월,경상남도 거제시 수월동 1120-11,경상남도,거제시,수월동 1120-11
광주오포,경기도 광주시 오포읍 양벌리 375-1,경기도,광주시,오포읍 양벌리 375-1
대전용운,대전광역시 동구 용운동 307-11,대전광역시,동구,용운동 307-11
명덕네거리,대구광역시 중구 남산동 2110-8,대구광역시,중구,남산동 2110-8
보문역,서울특별시 성북구 보문동5가 3-1,서울특별시,성북구,보문동5가 3-1
광주능평,경기도 광주시 오포읍 능평리 437-9,경기도,광주시,오포읍 능평리 437-9
울산성안,울산광역시 중구 성안로 195,울산광역시,중구,성안로 195
양평용문,경기도 양평군 용문면 다문리 327-2,경기도,양평군,용문면 다문리 327-2
부산대청,부산광역시 중구 대청동3가 14-1,부산광역시,중구,대청동3가 14-1
제주아라,제주특별자치도 제주시 아라1동 6105,제주특별자치도,제주시,아라1동 6105
잠실롯데월드몰B1,서울특별시 송파구 신천동 서울시 송파구 신천동 29번지 지하1층,서울특별시,송파구,신천동 서울시 송파구 신천동 29번지 지하1층
메가마트기장,부산광역시 기장군 일광면 삼성리 기장대로 673,부산광역시,기장군,일광면 삼성리 기장대로 673
경북고령,경상북도 고령군 고령읍 쾌빈리 왕륭로 116,경상북도,고령군,고령읍 쾌빈리 왕륭로 116
신호매실,경기도 수원시 권선구 호매실동 호매실로104번길 24-61,경기도,수원시,권선구 호매실동 호매실로104번길 24-61
인천영종하늘도시,인천광역시 중구 하늘중앙로195번길 하늘중앙로 195번길 14,인천광역시,중구,하늘중앙로195번길 하늘중앙로 195번길 14
전주혁신,전라북도 전주시 완산구 안전로 154 104호,전라북도,전주시,완산구 안전로 154 104호
인천서창,인천광역시 남동구 서창동 인천광역시 남동구 서창남순환로 2,인천광역시,남동구,서창동 인천광역시 남동구 서창남순환로 2
제주항D/T,"제주특별자치도 제주시 건입동 제주시 임항로 94,1~2층(건입동)",제주특별자치도,제주시,"건입동 제주시 임항로 94,1~2층(건입동)"
부산망미,부산광역시 수영구 연수로 278,부산광역시,수영구,연수로 278
창원동읍,경상남도 창원시 의창구 동읍 용잠리 364-1,경상남도,창원시,의창구 동읍 용잠리 364-1
천안차암,충청남도 천안시 서북구 차암동 436,충청남도,천안시,서북구 차암동 436
양산석산,경상남도 양산시 동면 석산리 1477-1,경상남도,양산시,동면 석산리 1477-1
천안성거,충청남도 천안시 서북구 성거읍 천흥리 427-2,충청남도,천안시,서북구 성거읍 천흥리 427-2
금곡,경기도 남양주시 금곡동 156-40,경기도,남양주시,금곡동 156-40
강릉포남,강원도 강릉시 포남동 1291-5,강원도,강릉시,포남동 1291-5
수원탑동,경기도 수원시 권선구 757-1,경기도,수원시,권선구 757-1
부산물만골역,부산광역시 연제구 월드컵대로 12,부산광역시,연제구,월드컵대로 12
구미공단,경상북도 구미시 1공단로 212,경상북도,구미시,1공단로 212
전남고흥,전라남도 고흥군 고흥읍 여산당촌길 8,전라남도,고흥군,고흥읍 여산당촌길 8
진주하대,경상남도 진주시 도동로 236,경상남도,진주시,도동로 236
망원,서울특별시 마포구 월드컵로 85,서울특별시,마포구,월드컵로 85
마산진동,경상남도 창원시 마산합포구 진동면 진동리 850-1,경상남도,창원시,마산합포구 진동면 진동리 850-1
순창D/T,전라북도 순창군 순창읍 교성리 394-6,전라북도,순창군,순창읍 교성리 394-6
이천증포,경기도 이천시 이섭대천로 1403,경기도,이천시,이섭대천로 1403
부천도당,경기도 부천시 원미구 도당동 58-2,경기도,부천시,원미구 도당동 58-2
광주신용,광주광역시 북구 첨단연신로91번길 6,광주광역시,북구,첨단연신로91번길 6
서원대,충청북도 청주시 흥덕구 모충동 134-27,충청북도,청주시,흥덕구 모충동 134-27
대전관저,대전광역시 서구 관저동 1008,대전광역시,서구,관저동 1008
고양관산,경기도 고양시 덕양구 관산동 231-29,경기도,고양시,덕양구 관산동 231-29
김해내외D/I,경상남도 김해시 내외중앙로 42,경상남도,김해시,내외중앙로 42
제주삼화지구,제주특별자치도 제주시 도련1동 1938-5,제주특별자치도,제주시,도련1동 1938-5
대구진천역,대구광역시 달서구 월배로 89,대구광역시,달서구,월배로 89
논산연무,충청남도 논산시 연무읍 안심로 152,충청남도,논산시,연무읍 안심로 152
김포운양,경기도 김포시 운양동 1299-1,경기도,김포시,운양동 1299-1
호매실DI,경기도 수원시 권선구 호매실동 52-1,경기도,수원시,권선구 호매실동 52-1
인천청라호수공원,인천광역시 서구 솔빛로 88,인천광역시,서구,솔빛로 88
부산다대포,부산광역시 사하구 다대로 698,부산광역시,사하구,다대로 698
거제아주,경상남도 거제시 아주1로 38,경상남도,거제시,아주1로 38
일산대화역,경기도 고양시 일산서구 대화동 2203-1,경기도,고양시,일산서구 대화동 2203-1
평택지산,경기도 평택시 지산로 76,경기도,평택시,지산로 76
경북풍기,경상북도 영주시 풍기읍 27-16,경상북도,영주시,풍기읍 27-16
임실,전라북도 임실군 임실읍 운수로 19,전라북도,임실군,임실읍 운수로 19
부산남포,부산광역시 중구 비프광장로 15,부산광역시,중구,비프광장로 15
삼송신원,경기도 고양시 덕양구 신원동627번지,경기도,고양시,덕양구 신원동627번지
여수웅천지구,전라남도 여수시 웅천동 예울마루로 37-16,전라남도,여수시,웅천동 예울마루로 37-16
광주태전,경기도 광주시 장지동 고불로 43-1,경기도,광주시,장지동 고불로 43-1
대전한밭대,대전광역시 유성구 덕명동 592-1,대전광역시,유성구,덕명동 592-1
익산배산,전라북도 익산시 모현동1가 871,전라북도,익산시,모현동1가 871
경남남지,경상남도 창녕군 남지읍 문화길 35-4,경상남도,창녕군,남지읍 문화길 35-4
오금,"서울특별시 송파구 동남로 313(오금동,1층)",서울특별시,송파구,"동남로 313(오금동,1층)"
롯데마트여천,전라남도 여수시 선원동 1268-2,전라남도,여수시,선원동 1268-2
원주태장,강원도 원주시 북원로 2680,강원도,원주시,북원로 2680
세곡,서울특별시 강남구 세곡동 281-4,서울특별시,강남구,세곡동 281-4
롯데백잠실광장,서울특별시 송파구 잠실동 40-1,서울특별시,송파구,잠실동 40-1
군자,서울특별시 광진구 천호대로 548,서울특별시,광진구,천호대로 548
보광,서울특별시 용산구 보광동 223-6,서울특별시,용산구,보광동 223-6
당진,충청남도 당진시 당진중앙1로 108,충청남도,당진시,당진중앙1로 108
방이역,서울특별시 송파구 마천로 25,서울특별시,송파구,마천로 25
부천시청역,경기도 부천시 원미구 중동 1031-2,경기도,부천시,원미구 중동 1031-2
상일동,서울특별시 강동구 상일로 33,서울특별시,강동구,상일로 33
영천D/T,경상북도 영천시 조교동 733-2,경상북도,영천시,조교동 733-2
완주삼례,전라북도 완주군 삼례읍 삼례리 1405-31,전라북도,완주군,삼례읍 삼례리 1405-31
화성조암,경기도 화성시 우정읍 쌍봉로 76,경기도,화성시,우정읍 쌍봉로 76
대구청구네거리,대구광역시 수성구 범어동 1109,대구광역시,수성구,범어동 1109
담양D/I,전라남도 담양군 담양읍 백동리 277-31,전라남도,담양군,담양읍 백동리 277-31
인천불로,인천광역시 서구 검단로744번1길 30,인천광역시,서구,검단로744번1길 30
서면일번가,부산광역시 부산진구 서면로 46,부산광역시,부산진구,서면로 46
강동구청D/T,서울특별시 강동구 성내동 319-1,서울특별시,강동구,성내동 319-1
순천신대,전라남도 순천시 해룡면 신대리 1979-1,전라남도,순천시,해룡면 신대리 1979-1
경남함안,경상남도 함안군 가야읍 함마대로 1514-25,경상남도,함안군,가야읍 함마대로 1514-25
덕성여대,서울특별시 강북구 수유동 279-84,서울특별시,강북구,수유동 279-84
송도센트럴파크,"인천광역시 연수구 센트럴로 160, 130호",인천광역시,연수구,"센트럴로 160, 130호"
부산토곡,부산광역시 연제구 연산동 480-16,부산광역시,연제구,연산동 480-16
후암,서울특별시 용산구 후암동 27-13,서울특별시,용산구,후암동 27-13
울산전하,울산광역시 동구 전하동 동구 진성14길 77,울산광역시,동구,전하동 동구 진성14길 77
대소,충청북도 음성군 대소면 오산리 120-33,충청북도,음성군,대소면 오산리 120-33
서산호수공원,충청남도 서산시 예천동 1262-4,충청남도,서산시,예천동 1262-4
부안,전라북도 부안군 부안읍 동중1리 124-2,전라북도,부안군,부안읍 동중1리 124-2
동대구역사2호,대구광역시 동구 신암동 294,대구광역시,동구,신암동 294
인천검단,인천광역시 서구 왕길동 639-4,인천광역시,서구,왕길동 639-4
시흥거모,경기도 시흥시 도일로135번길 4,경기도,시흥시,도일로135번길 4
개봉,서울특별시 구로구 고척동 52-197,서울특별시,구로구,고척동 52-197
화성사강D/T,경기도 화성시 송산면 사강리 736-4,경기도,화성시,송산면 사강리 736-4
대전관평,대전광역시 유성구 관평동 840,대전광역시,유성구,관평동 840
의정부시청,경기도 의정부시 의정부2동 490,경기도,의정부시,의정부2동 490
성주,경상북도 성주군 성주읍 경산리 165-5,경상북도,성주군,성주읍 경산리 165-5
망포역,경기도 수원시 영통구 영통동 979-7,경기도,수원시,영통구 영통동 979-7
봉천역,서울특별시 관악구 봉천동 930-45,서울특별시,관악구,봉천동 930-45
개포,서울특별시 강남구 개포동 158-12,서울특별시,강남구,개포동 158-12
녹번,서울특별시 은평구 은평로 206,서울특별시,은평구,은평로 206
휘닉스파크,강원도 평창군 봉평면 태기로 174,강원도,평창군,봉평면 태기로 174
홈플러스상봉,"서울특별시 중랑구 상봉동 ,",서울특별시,중랑구,"상봉동 ,"
온양D/T,충청남도 아산시 문화로 301-6,충청남도,아산시,문화로 301-6
용인양지,경기도 용인시 처인구 양지면 남평로6,경기도,용인시,처인구 양지면 남평로6
수원곡반정,"경기도 수원시 권선구 곡반정로 65번길 33, 102호",경기도,수원시,"권선구 곡반정로 65번길 33, 102호"
인천동춘,인천광역시 연수구 앵고개로 246번길 33,인천광역시,연수구,앵고개로 246번길 33
화천사내,강원도 화천군 사내면 사내로 33,강원도,화천군,사내면 사내로 33
분당수내동,경기도 성남시 분당구 수내동 88-3번지,경기도,성남시,분당구 수내동 88-3번지
대전터미널,대전광역시 동구 동서대로 1689,대전광역시,동구,동서대로 1689
하나로부산,부산광역시 북구 금곡대로 469,부산광역시,북구,금곡대로 469
학동역,서울특별시 강남구 학동로 219 1층,서울특별시,강남구,학동로 219 1층
진주평거,"경상남도 진주시 평거로5번길 12, 1",경상남도,진주시,"평거로5번길 12, 1"
하남풍산,경기도 하남시 덕풍동로 111-10,경기도,하남시,덕풍동로 111-10
구의역,서울특별시 광진구 아차산로 370,서울특별시,광진구,아차산로 370
문경새재,경상북도 문경시 문경읍 새재로 928,경상북도,문경시,문경읍 새재로 928
인천소래포구역,인천광역시 남동구 소래역로 50. 1층 101호 102호,인천광역시,남동구,소래역로 50. 1층 101호 102호
홈플러스남현,서울특별시 관악구 과천대로 909,서울특별시,관악구,과천대로 909
인천허브D/I,인천광역시 중구 영종대로 283,인천광역시,중구,영종대로 283
천안독립기념관,충청남도 천안시 동남구 목천읍 삼방로 95 독립기념관內,충청남도,천안시,동남구 목천읍 삼방로 95 독립기념관內
만안구청,경기도 안양시 만안구 문예로 48,경기도,안양시,만안구 문예로 48
순천향대학D/T,충청남도 아산시 신창면 온천대로 798,충청남도,아산시,신창면 온천대로 798
김포사우,경기도 김포시 사우중로 92,경기도,김포시,사우중로 92
강진,전라남도 강진군 강진읍 중앙로 88번지 금호상가1층,전라남도,강진군,강진읍 중앙로 88번지 금호상가1층
부산신모라,부산광역시 사상구 모라로 110번길 3,부산광역시,사상구,모라로 110번길 3
경산진량,경상북도 경산시 진량읍 공단로 468,경상북도,경산시,진량읍 공단로 468
부여아울렛,충청남도 부여군 백제문로 387,충청남도,부여군,백제문로 387
천안성정,충청남도 천안시 서북구 서부대로 704,충청남도,천안시,서북구 서부대로 704
하나로마트남창원,경상남도 창원시 성산구 가음로 100,경상남도,창원시,성산구 가음로 100
양주백석D/T,경기도 양주시 백석읍 양주산성로 574번길 7,경기도,양주시,백석읍 양주산성로 574번길 7
안동터미널,경상북도 안동시 경동로 130,경상북도,안동시,경동로 130
천안안서D/T,충청남도 천안시 동남구 망향로 190,충청남도,천안시,동남구 망향로 190
홈플러스인천청라,인천광역시 서구 중봉대로 587,인천광역시,서구,중봉대로 587
대전대동,대전광역시 동구 계족로 174 (대동),대전광역시,동구,계족로 174 (대동)
마산역,경상남도 창원시 마산회원구 양덕옛2길 129(110호),경상남도,창원시,마산회원구 양덕옛2길 129(110호)
부천약대,경기도 부천시 오정구 평천로 725,경기도,부천시,오정구 평천로 725
답십리,서울특별시 성동구 천호대로 308,서울특별시,성동구,천호대로 308
익산동산,전라북도 익산시 서동로130,전라북도,익산시,서동로130
번동D/T,서울특별시 강북구 한천로 963,서울특별시,강북구,한천로 963
대전대사,대전광역시 중구 계룡로920번길 36,대전광역시,중구,계룡로920번길 36
용인동천,경기도 용인시 수지구 수풍로131번길 1,경기도,용인시,수지구 수풍로131번길 1
장흥,전라남도 장흥군 장흥읍 중앙로54-1,전라남도,장흥군,장흥읍 중앙로54-1
문정로데오,서울특별시 송파구 동남로 134,서울특별시,송파구,동남로 134
익산영등,전라북도 익산시 영등동 약촌로 243,전라북도,익산시,영등동 약촌로 243
안양호계,경기도 안양시 동안구 경수대로 561,경기도,안양시,동안구 경수대로 561
전주중화산,전라북도 전주시 완산구 백제대로 224,전라북도,전주시,완산구 백제대로 224
대전가수원,대전광역시 서구 계백로 1161,대전광역시,서구,계백로 1161
군산조촌D/T,전라북도 군산시 조촌로 111,전라북도,군산시,조촌로 111
김해아울렛식당가,경상남도 김해시 장유로 469,경상남도,김해시,장유로 469
역삼,서울특별시 강남구 테헤란로 116,서울특별시,강남구,테헤란로 116
대구대곡역,대구광역시 달성군 화원읍 비슬로 2723,대구광역시,달성군,화원읍 비슬로 2723
완주봉동,전라북도 완주군 봉동읍 완주산단9로15,전라북도,완주군,봉동읍 완주산단9로15
잠실새내,서울특별시 송파구 올림픽로 114,서울특별시,송파구,올림픽로 114
부산하단,부산광역시 사하구 낙동대로 457,부산광역시,사하구,낙동대로 457
천호역,서울특별시 강동구 올림픽로 654,서울특별시,강동구,올림픽로 654
안양중앙,경기도 안양시 만안구 안양4동 710-57,경기도,안양시,만안구 안양4동 710-57
홈플러스경산,경상북도 경산시 경안로 288,경상북도,경산시,경안로 288
별내신도시,경기도 남양주시 별내동 순화궁로 347,경기도,남양주시,별내동 순화궁로 347
홈플러스오산세교,경기도 오산시 청학로 238,경기도,오산시,청학로 238
대전가양D/T,대전광역시 대덕구 동서대로 1772(비래동),대전광역시,대덕구,동서대로 1772(비래동)
대전복수,대전광역시 서구 복수동로 62번지 1층,대전광역시,서구,복수동로 62번지 1층
수원역사,경기도 수원시 팔달구 덕영대로 924,경기도,수원시,팔달구 덕영대로 924
안산반월,경기도 안산시 상록구 건건2길 6,경기도,안산시,상록구 건건2길 6
창동역,서울특별시 도봉구 노해로 63길78,서울특별시,도봉구,노해로 63길78
송산휴게소,경기도 화성시 송산면 고정리 349-26,경기도,화성시,송산면 고정리 349-26
인천동양,인천광역시 계양구 동양로111,인천광역시,계양구,동양로111
홈플러스합정,서울특별시 마포구 양화로 45,서울특별시,마포구,양화로 45
광주운암DI,광주광역시 북구 북문대로 177(운암동),광주광역시,북구,북문대로 177(운암동)
여주375아울렛,경기도 여주시 명품1로 22-5,경기도,여주시,명품1로 22-5
의정부녹양역,"경기도 의정부시 체육로298-33 CS타워 1,2층",경기도,의정부시,"체육로298-33 CS타워 1,2층"
용인보라,경기도 용인시 기흥구 한보라2로 5,경기도,용인시,기흥구 한보라2로 5
별내,경기도 남양주시 별내동 별내 5로 5번길 11,경기도,남양주시,별내동 별내 5로 5번길 11
지행역,경기도 동두천시 지행로 60,경기도,동두천시,지행로 60
홈플러스대구성서,대구광역시 달서구 달구벌대로 1467,대구광역시,달서구,달구벌대로 1467
부산감천,부산광역시 사하구 감천로 27-1,부산광역시,사하구,감천로 27-1
청주분평D/T,충청북도 청주시 서원구 1순환로 991,충청북도,청주시,서원구 1순환로 991
전주인후,전라북도 전주시 덕진구 안덕원로 237,전라북도,전주시,덕진구 안덕원로 237
인천갈산,인천광역시 부평구 평천로 324,인천광역시,부평구,평천로 324
숭실대입구역,서울특별시 동작구 상도로 352,서울특별시,동작구,상도로 352
수원호매실,경기도 수원시 권선구 금곡로 106(금곡동),경기도,수원시,권선구 금곡로 106(금곡동)
목포하당,전라남도 목포시 장미로 31,전라남도,목포시,장미로 31
엘리시안강촌리조트,강원도 춘천시 남산면 북한강변길 688-79,강원도,춘천시,남산면 북한강변길 688-79
홈플러스인천숭의,인천광역시 미추홀구 석정로 51,인천광역시,미추홀구,석정로 51
목동,서울특별시 양천구 신목로 72,서울특별시,양천구,신목로 72
홈플러스대구,대구광역시 북구 중앙대로 543,대구광역시,북구,중앙대로 543
홈플러스부산가야,부산광역시 진구 가야대로 506,부산광역시,부산진구,가야대로 506
롯데마트서청주,충청북도 청주시 흥덕구 2순환로 1004,충청북도,청주시,흥덕구 2순환로 1004
안양박달D/I,경기도 안양시 만안구 박달로 432,경기도,안양시,만안구 박달로 432
인천부개역,인천광역시 부평구 경인로 1080,인천광역시,부평구,경인로 1080
대전카이스트,대전광역시 유성구 구성동 대학로 291번지 학생회관 1층,대전광역시,유성구,구성동 대학로 291번지 학생회관 1층
대흥역,서울특별시 마포구 대흥로 79 (대흥동 동양엔파트),서울특별시,마포구,대흥로 79 (대흥동 동양엔파트)
경주,경상북도 경주시 중앙로48번길 3,경상북도,경주시,중앙로48번길 3
홈플러스인천가좌,인천광역시 서구 가정로 151번길 11,인천광역시,서구,가정로 151번길 11
울산방어,울산광역시 동구 꽃바위로 266,울산광역시,동구,꽃바위로 266
인천석바위,인천광역시 미추홀구 경원대로848,인천광역시,미추홀구,경원대로848
롯데마트시흥,경기도 시흥시 비둘기공원로 28(대야동),경기도,시흥시,비둘기공원로 28(대야동)
진해용원,경상남도 창원시 진해구 용원로7번길 18,경상남도,창원시,진해구 용원로7번길 18
중랑역,서울특별시 중랑구 망우로 192,서울특별시,중랑구,망우로 192
천안안서,충청남도 천안시 동남구 중암2길 23,충청남도,천안시,동남구 중암2길 23
부산기장,부산광역시 기장군 기장읍 읍내로 114,부산광역시,기장군,기장읍 읍내로 114
서산휴게소(下),충청남도 서산시 해미면 삼송리 119,충청남도,서산시,해미면 삼송리 119
속초터미널,강원도 속초시 동해대로 3988,강원도,속초시,동해대로 3988
문막휴게소,강원도 원주시 문막읍 원문로 1234,강원도,원주시,문막읍 원문로 1234
홈플러스유성,"대전광역시 유성구 한밭대로 502 , 101",대전광역시,유성구,"한밭대로 502 , 101"
안양관양,경기도 안양시 동안구 관악대로291(관양동),경기도,안양시,동안구 관악대로291(관양동)
남원도통,전라북도 남원시 큰들2길 25,전라북도,남원시,큰들2길 25
용인역북,경기도 용인시 처인구 중부대로 1309,경기도,용인시,처인구 중부대로 1309
정선에코리조트,강원도 정선군 정선읍 병방치길 235,강원도,정선군,정선읍 병방치길 235
동묘역,서울특별시 종로구 종로 336,서울특별시,종로구,종로 336
망상,강원도 동해시 동해대로 6270-20,강원도,동해시,동해대로 6270-20
온양온천,충청남도 아산시 번영로 230,충청남도,아산시,번영로 230
부산거제,부산광역시 연제구 아시아드대로 80,부산광역시,연제구,아시아드대로 80
강남우성사거리,서울특별시 강남구 강남대로 334,서울특별시,강남구,강남대로 334
선릉,서울특별시 강남구 테헤란로 316,서울특별시,강남구,테헤란로 316
대전도안신도시,대전광역시 유성구 도안대로 512-11,대전광역시,유성구,도안대로 512-11
대전유성,대전광역시 유성구 계룡로 58,대전광역시,유성구,계룡로 58
홈플러스안동,경상북도 안동시 경동로 656,경상북도,안동시,경동로 656
목포대학,전라남도 무안군 청계면 승달산길 17,전라남도,무안군,청계면 승달산길 17
대전정림,대전광역시 서구 정림로 71 1층,대전광역시,서구,정림로 71 1층
뚝섬유원지,서울특별시 광진구 능동로7,서울특별시,광진구,능동로7
송파삼전,서울특별시 송파구 백제고분로 254,서울특별시,송파구,백제고분로 254
광교D/T,경기도 용인시 수지구 상현동 493-3,경기도,용인시,수지구 상현동 493-3
구로IT,서울특별시 구로구 구로동 디지털로31길 20,서울특별시,구로구,구로동 디지털로31길 20
퇴계원,경기도 남양주시 퇴계원면 퇴계원로 30,경기도,남양주시,퇴계원면 퇴계원로 30
홈플러스영등포,"서울특별시 영등포구 당산로 42 1,2층",서울특별시,영등포구,"당산로 42 1,2층"
홈플러스김포,경기도 김포시 감정동 중봉로 14,경기도,김포시,감정동 중봉로 14
부천중동,경기도 부천시 원미구 중동로 254번길 104,경기도,부천시,원미구 중동로 254번길 104
수락산역,서울특별시 노원구 동일로 1668(상계동),서울특별시,노원구,동일로 1668(상계동)
롯데마트행당역,서울특별시 성동구 행당동 328,서울특별시,성동구,행당동 328
울산화봉,울산광역시 북구 화봉로 74,울산광역시,북구,화봉로 74
롯데마트수원천천,경기도 수원시 장안구 만석로19번길 25-10,경기도,수원시,장안구 만석로19번길 25-10
한남대,대전광역시 대덕구 한남로 28,대전광역시,대덕구,한남로 28
한성대입구역,서울특별시 성북구 동소문로 2,서울특별시,성북구,동소문로 2
전남대,광주광역시 북구 우치로 102-1 (용봉동),광주광역시,북구,우치로 102-1 (용봉동)
청구역,서울특별시 중구 다산로 168,서울특별시,중구,다산로 168
목포용해,"전라남도 목포시 용당로 337, 2층",전라남도,목포시,"용당로 337, 2층"
동해쇄운,강원도 동해시 청운1길 52,강원도,동해시,청운1길 52
롯데씨네마광주수완,광주광역시 광산구 장신로 98,광주광역시,광산구,장신로 98
부산화명,부산광역시 북구 화명신도시로 127,부산광역시,북구,화명신도시로 127
홈플러스부산연산,부산광역시 연제구 반송로 88,부산광역시,연제구,반송로 88
강릉D/T,강원도 강릉시 성덕포남로 46,강원도,강릉시,성덕포남로 46
진해중앙,경상남도 창원시 진해구 중원로 86번길 31,경상남도,창원시,진해구 중원로 86번길 31
대방역,"서울특별시 영등포구 영등포로 416 신길동 1,2층",서울특별시,영등포구,"영등포로 416 신길동 1,2층"
철원와수,강원도 철원군 서면 와수로 186,강원도,철원군,서면 와수로 186
전주삼천,전라북도 전주시 완산구 삼천동1가 285-5,전라북도,전주시,완산구 삼천동1가 285-5
무주,전라북도 무주군 무주읍 단천로 99,전라북도,무주군,무주읍 단천로 99
괴산,충청북도 괴산군 괴산읍 괴강로 4,충청북도,괴산군,괴산읍 괴강로 4
포천운천,경기도 포천시 영북면 운천안길 26,경기도,포천시,영북면 운천안길 26
원주단계,강원도 원주시 천사로 63,강원도,원주시,천사로 63
롯데마트원주,강원도 원주시 봉화로 1,강원도,원주시,봉화로 1
동대구역사,대구광역시 동구 동대구로 550,대구광역시,동구,동대구로 550
포항문덕,경상북도 포항시 남구 오천읍 원동로 66,경상북도,포항시,남구 오천읍 원동로 66
홈플러스경주,경상북도 경주시 공단로 97,경상북도,경주시,공단로 97
광주양산,광주광역시 북구 임방울대로 1068  (용두동),광주광역시,북구,임방울대로 1068  (용두동)
구미봉곡,경상북도 구미시 봉곡동로 4,경상북도,구미시,봉곡동로 4
홈플러스안산,경기도 안산시 상록구 충장로 432,경기도,안산시,상록구 충장로 432
롯데몰김포공항,서울특별시 강서구 하늘길 38,서울특별시,강서구,하늘길 38
대구동호D/T,대구광역시 동구 안심로 288,대구광역시,동구,안심로 288
신경주역사,경상북도 경주시 건천읍 신경주역로 80,경상북도,경주시,건천읍 신경주역로 80
파주아울렛,경기도 파주시 회동길 390  롯데프리미엄아울렛 A블럭 3층,경기도,파주시,회동길 390  롯데프리미엄아울렛 A블럭 3층
송파,서울특별시 송파구 가락로 164,서울특별시,송파구,가락로 164
김포양곡,경기도 김포시 양촌읍 양곡2로 30번길 7-19,경기도,김포시,양촌읍 양곡2로 30번길 7-19
중동인성,"경기도 부천시 원미구 중동 석천로 106 인성프라자1,2층",경기도,부천시,"원미구 중동 석천로 106 인성프라자1,2층"
오이도D/I,경기도 시흥시 정왕신길로 49번길 53,경기도,시흥시,정왕신길로 49번길 53
중곡,서울특별시 광진구 면목로 136 창원빌딩,서울특별시,광진구,면목로 136 창원빌딩
홈플러스작전,인천광역시 계양구 계양대로 27,인천광역시,계양구,계양대로 27
울산세이브존,울산광역시 남구 번영로 250번길 9,울산광역시,남구,번영로 250번길 9
롯데마트송파,서울특별시 송파구 중대로 80,서울특별시,송파구,중대로 80
대전와동D/T,대전광역시 대덕구 와동 375번지,대전광역시,대덕구,와동 375번지
충주연수,충청북도 충주시 계명대로 238,충청북도,충주시,계명대로 238
망우,서울특별시 중랑구 봉우재로 239,서울특별시,중랑구,봉우재로 239
인천청라,인천광역시 서구 인천 서구 청라에메랄드로99,인천광역시,서구,인천 서구 청라에메랄드로99
롯데마트삼양,서울특별시 강북구 삼양로 247,서울특별시,강북구,삼양로 247
영광,전라남도 영광군 영광읍신남로 185-2,전라남도,영광군,영광읍신남로 185-2
청양,충청남도 청양군 청양읍 중앙로 147,충청남도,청양군,청양읍 중앙로 147
NC강서,서울특별시 강서구 강서로 56길 17,서울특별시,강서구,강서로 56길 17
광주동강대,광주광역시 북구 동문대로 69,광주광역시,북구,동문대로 69
상계,서울특별시 노원구 한글비석로 369,서울특별시,노원구,한글비석로 369
부산미남역,부산광역시 동래구 아시아드대로 234,부산광역시,동래구,아시아드대로 234
일산킨텍스,경기도 고양시 일산서구 한류월드로 407(대화동 제2킨텍스 전시장 1층),경기도,고양시,일산서구 한류월드로 407(대화동 제2킨텍스 전시장 1층)
대구스타디움,대구광역시 수성구 유니버시아드로 140,대구광역시,수성구,유니버시아드로 140
부산명지,부산광역시 강서구 명지오션시티11로 74,부산광역시,강서구,명지오션시티11로 74
방학,서울특별시 도봉구 방학로 173,서울특별시,도봉구,방학로 173
시흥월곶,경기도 시흥시 월곶동 월곶중앙로(61) 월곶동,경기도,시흥시,월곶동 월곶중앙로(61) 월곶동
상암,서울특별시 마포구 월드컵북로 402 KGIT센터 150~152호,서울특별시,마포구,월드컵북로 402 KGIT센터 150~152호
광양마동,전라남도 광양시 사동로 179  (마동),전라남도,광양시,사동로 179  (마동)
강일,서울특별시 강동구 아리수로93길 33-9,서울특별시,강동구,아리수로93길 33-9
발산역,서울특별시 강서구 강서로 56길 24,서울특별시,강서구,강서로 56길 24
문막,강원도 원주시 문막읍 원문로 1587,강원도,원주시,문막읍 원문로 1587
목동행복한백화점,서울특별시 양천구 목동동로 목동동로309,서울특별시,양천구,목동동로 목동동로309
종암,서울특별시 성북구 종암로 91,서울특별시,성북구,종암로 91
마산내서,경상남도 창원시 마산회원구 내서읍 경남대로 915,경상남도,창원시,마산회원구 내서읍 경남대로 915
청주터미널,충청북도 청주시 흥덕구 가경동 1449번지 터미날타워 10호동,충청북도,청주시,흥덕구 가경동 1449번지 터미날타워 10호동
천안상록리조트,충청남도 천안시 동남구 수신면 수신로 576,충청남도,천안시,동남구 수신면 수신로 576
광명하안,경기도 광명시 범안로 1045,경기도,광명시,범안로 1045
광혜원,충청북도 진천군 광혜원면 장기길 104,충청북도,진천군,광혜원면 장기길 104
부평,인천광역시 부평구 경원대로 1399,인천광역시,부평구,경원대로 1399
시흥정왕역,경기도 시흥시 마유로418번 길10,경기도,시흥시,마유로418번 길10
운정한빛,경기도 파주시 와석순환로 125 (동패동),경기도,파주시,와석순환로 125 (동패동)
여의도선착장,서울특별시 영등포구 여의동로 290,서울특별시,영등포구,여의동로 290
청주하나로,충청북도 청주시 상당구 무농정로 32 청주하나로클럽內,충청북도,청주시,상당구 무농정로 32 청주하나로클럽內
전주효자서부,전라북도 전주시 완산구 호암로 65,전라북도,전주시,완산구 호암로 65
성수역,서울특별시 성동구 아차산로7길 28 성수쇼핑센타,서울특별시,성동구,아차산로7길 28 성수쇼핑센타
아산탕정,충청남도 아산시 탕정면 탕정면로 37,충청남도,아산시,탕정면 탕정면로 37
구파발역,서울특별시 은평구 진관동 지하철 3호선구파발역 1번출구앞 구파발역복합환승센터1층,서울특별시,은평구,진관동 지하철 3호선구파발역 1번출구앞 구파발역복합환승센터1층
부천범박,경기도 부천시 소사구 소사동로 87,경기도,부천시,소사구 소사동로 87
남양주진접,경기도 남양주시 진접읍 해밀예당 3로 51,경기도,남양주시,진접읍 해밀예당 3로 51
고양,경기도 고양시 덕양구 고양동 682번지 sun빌딩 1층,경기도,고양시,덕양구 고양동 682번지 sun빌딩 1층
일산가좌,경기도 고양시 일산서구 가좌1로53,경기도,고양시,일산서구 가좌1로53
롯데몰이시아폴리스점,대구광역시 동구 팔공로49길 16,대구광역시,동구,팔공로49길 16
키즈마트부산,부산광역시 진구 신천대로 241,부산광역시,부산진구,신천대로 241
군산수송,전라북도 군산시 서수송 1길  2,전라북도,군산시,서수송 1길  2
암사역,서울특별시 강동구 올림픽로792,서울특별시,강동구,올림픽로792
김포통진,경기도 김포시 통진읍 김포대로 2242,경기도,김포시,통진읍 김포대로 2242
상봉역,서울특별시 중랑구 상봉동 115-14 1층,서울특별시,중랑구,상봉동 115-14 1층
구리돌다리,경기도 구리시 검배로 21,경기도,구리시,검배로 21
구리인창,경기도 구리시 동구릉로 108,경기도,구리시,동구릉로 108
안성공도D/T,경기도 안성시 공도읍 서동대로 3904-6,경기도,안성시,공도읍 서동대로 3904-6
일산식사,경기도 고양시 일산동구 위시티2로 11번길 45,경기도,고양시,일산동구 위시티2로 11번길 45
충북오송,충청북도 청원군 오송읍 오송생명로 194,충청북도,청주시,오송읍 오송생명로 194
울산남목,"울산광역시 동구 방어진순환도로 1133, 102호",울산광역시,동구,"방어진순환도로 1133, 102호"
정릉,"서울특별시 성북구 보국문로8길 4, 1층(정릉동)",서울특별시,성북구,"보국문로8길 4, 1층(정릉동)"
인제터미널,강원도 인제군 인제읍 비봉로 43길,강원도,인제군,인제읍 비봉로 43길
용인흥덕,경기도 용인시 기흥구 흥덕2로 87번길 18,경기도,용인시,기흥구 흥덕2로 87번길 18
포천송우,경기도 포천시 소흘읍 송우로 53,경기도,포천시,소흘읍 송우로 53
완도,전라남도 완도군 완도읍 군내리장보고대로 210,전라남도,완도군,완도읍 군내리장보고대로 210
전주송천,전라북도 전주시 덕진구 솔내로 182 (송천동2가),전라북도,전주시,덕진구 솔내로 182 (송천동2가)
용인죽전1동,경기도 용인시 수지구 현암로 154,경기도,용인시,수지구 현암로 154
방화,서울특별시 강서구 양천로 73,서울특별시,강서구,양천로 73
성남테크노밸리,경기도 성남시 중원구 사기막골로 124,경기도,성남시,중원구 사기막골로 124
중앙대,서울특별시 동작구 흑석동 182-7 1층 롯데리아,서울특별시,동작구,흑석동 182-7 1층 롯데리아
장호원,경기도 이천시 장호원읍 장감로80,경기도,이천시,장호원읍 장감로80
이수역,"서울특별시 동작구 동작대로 129, 지상1층",서울특별시,동작구,"동작대로 129, 지상1층"
수원정자,경기도 수원시 장안구 정자천로173번길 17 107호,경기도,수원시,장안구 정자천로173번길 17 107호
창원소답,경상남도 창원시 의창구 읍성로 79번길2 102~104호 (소답동),경상남도,창원시,의창구 읍성로 79번길2 102~104호 (소답동)
공항신도시,인천광역시 중구 흰바위로59번길 31,인천광역시,중구,흰바위로59번길 31
부산범어사역,부산광역시 금정구 중앙대로 2103,부산광역시,금정구,중앙대로 2103
용산역사ST,서울특별시 용산구 한강대로23길 55,서울특별시,용산구,한강대로23길 55
홈플러스김해,경상남도 김해시 김해대로 2078,경상남도,김해시,김해대로 2078
롯데마트제천,충청북도 제천시 용두대로 111 롯데마트제천점 내,충청북도,제천시,용두대로 111 롯데마트제천점 내
광주수완,광주광역시 광산구 임방울대로 338,광주광역시,광산구,임방울대로 338
군산산북,전라북도 군산시 공단대로 566,전라북도,군산시,공단대로 566
길음뉴타운점,서울특별시 성북구 길음로7길 6,서울특별시,성북구,길음로7길 6
단양,충청북도 단양군 단양읍 삼봉로 315,충청북도,단양군,단양읍 삼봉로 315
수영로타리,부산광역시 수영구 광안동 50-13,부산광역시,수영구,광안동 50-13
역곡역,경기도 부천시 원미구 부일로 727,경기도,부천시,원미구 부일로 727
대전시청,대전광역시 서구 문정로 70 제이엔에스빌딩 1층,대전광역시,서구,문정로 70 제이엔에스빌딩 1층
용인신봉,경기도 용인시 수지구 수지로 217,경기도,용인시,수지구 수지로 217
구리토평,경기도 구리시 체육관로26,경기도,구리시,체육관로26
홈플러스밀양,경상남도 밀양시 점필재로 45 (내이동),경상남도,밀양시,점필재로 45 (내이동)
시흥능곡,"경기도 시흥시 장현능곡로 198 (능곡동,126,127호)",경기도,시흥시,"장현능곡로 198 (능곡동,126,127호)"
목포석현,전라남도 목포시 영산로 559,전라남도,목포시,영산로 559
문산,경기도 파주시 문산읍 문향로 70,경기도,파주시,문산읍 문향로 70
함양,경상남도 함양군 함양읍 고운로 52,경상남도,함양군,함양읍 고운로 52
삼호한마음,전라남도 영암군 삼호읍 신항로 63-2,전라남도,영암군,삼호읍 신항로 63-2
파주운정,경기도 파주시 미래로 622,경기도,파주시,미래로 622
광주두암,광주광역시 북구 갈마로 53,광주광역시,북구,갈마로 53
화천,강원도 화천군 화천읍 중앙 16,강원도,화천군,화천읍 중앙 16
천안목천,충청남도 천안시 동남구 목천읍 충절로 895,충청남도,천안시,동남구 목천읍 충절로 895
충남대,대전광역시 유성구 궁동로 18번길-6,대전광역시,유성구,궁동로 18번길-6
메가마트언양,울산광역시 울주군 삼남면 반구대로 612,울산광역시,울주군,삼남면 반구대로 612
평택송탄,경기도 평택시 서정동 814-7번지 덕수빌딩 1층,경기도,평택시,서정동 814-7번지 덕수빌딩 1층
양주고읍,경기도 양주시 광사동 651번지 해동월드타워 1층 110호,경기도,양주시,광사동 651번지 해동월드타워 1층 110호
대구동성로,대구광역시 중구 동성로 39,대구광역시,중구,동성로 39
공릉역,서울특별시 노원구 동일로 192길 27,서울특별시,노원구,동일로 192길 27
여수여서,전라남도 여수시 여서로 164-1  (여서동),전라남도,여수시,여서로 164-1  (여서동)
가든파이브,서울특별시 송파구 충민로66,서울특별시,송파구,충민로66
진주산업대,경상남도 진주시 동진로 23(칠암동),경상남도,진주시,동진로 23(칠암동)
천안아산역사,충청남도 아산시 배방읍 희망로 100,충청남도,아산시,배방읍 희망로 100
홈플러스월곡,서울특별시 성북구 화랑로 76,서울특별시,성북구,화랑로 76
안성공도,경기도 안성시 공도읍 공도로 132,경기도,안성시,공도읍 공도로 132
창원상남,경상남도 창원시 성산구 단정로 7,경상남도,창원시,성산구 단정로 7
하나로마트울산,울산광역시 울주군 범서읍 장검길10,울산광역시,울주군,범서읍 장검길10
통영죽림,경상남도 통영시 광도면 죽림1로 17-51,경상남도,통영시,광도면 죽림1로 17-51
의왕오전,경기도 의왕시 모락로26,경기도,의왕시,모락로26
부산반송,부산광역시 해운대구 아랫반송로 28-1,부산광역시,해운대구,아랫반송로 28-1
익산모현,전라북도 익산시 고현로 90 (모현동1가),전라북도,익산시,고현로 90 (모현동1가)
대전배재,대전광역시 서구 배재로 176,대전광역시,서구,배재로 176
부천오정,경기도 부천시 오정구 오정로249,경기도,부천시,오정구 오정로249
부산대,부산광역시 금정구 부산대학로 47,부산광역시,금정구,부산대학로 47
의정부신곡,경기도 의정부시 신곡1동 동일로 462,경기도,의정부시,신곡1동 동일로 462
남악,전라남도 무안군 대죽동로 40,전라남도,무안군,대죽동로 40
부산동래역,부산광역시 동래구 중앙대로 1319,부산광역시,동래구,중앙대로 1319
화성센트럴파크,경기도 화성시 동탄지성로 116,경기도,화성시,동탄지성로 116
울산온양,울산광역시 을주군 온양읍 온양로 95,울산광역시,울주군,온양읍 온양로 95
광주풍암,광주광역시 서구 풍암2로 10,광주광역시,서구,풍암2로 10
키자니아,서울특별시 송파구 올림픽로 240 2층,서울특별시,송파구,올림픽로 240 2층
인천검암,인천광역시 서구 승학로 505,인천광역시,서구,승학로 505
청주봉명,충청북도 청주시 흥덕구 백봉로227 이화빌딩 105호,충청북도,청주시,흥덕구 백봉로227 이화빌딩 105호
롯데마트춘천,강원도 춘천시 방송길 84 롯데마트內,강원도,춘천시,방송길 84 롯데마트內
사당,서울특별시 서초구 동작대로 24,서울특별시,서초구,동작대로 24
오류동역,서울특별시 구로구 경인로20길 1,서울특별시,구로구,경인로20길 1
의왕부곡,경기도 의왕시 부곡중앙남1길 3,경기도,의왕시,부곡중앙남1길 3
일산풍동,경기도 고양시 일산동구 숲속마을로 48,경기도,고양시,일산동구 숲속마을로 48
화순,전라남도 화순군 화순읍 만연리 223,전라남도,화순군,화순읍 만연리 223
건대역,서울특별시 광진구 능동로 110,서울특별시,광진구,능동로 110
대구수성구청,대구광역시 수성구 달구벌대로 2472,대구광역시,수성구,달구벌대로 2472
부산정관,부산광역시 기장군 정관면 정관로 560,부산광역시,기장군,정관면 정관로 560
사가정역,서울특별시 중랑구 면목로 333,서울특별시,중랑구,면목로 333
광주동림,광주광역시 서구 동천동626,광주광역시,서구,동천동626
용인둔전,경기도 용인시 포곡읍 포곡로 107번길 2,경기도,용인시,포곡읍 포곡로 107번길 2
인천간석,인천광역시 미추홀구 주안로219,인천광역시,미추홀구,주안로219
일산후곡,경기도 고양시 일산서구 일산로 544,경기도,고양시,일산서구 일산로 544
인천월미마이랜드,인천광역시 중구 월미문화로 81,인천광역시,중구,월미문화로 81
성남단대,경기도 성남시 중원구 산성대로 372번길 15,경기도,성남시,중원구 산성대로 372번길 15
고덕역,서울특별시 강동구 동남로73길 26 02호,서울특별시,강동구,동남로73길 26 02호
목포,전라남도 목포시 영산로 59번길 30,전라남도,목포시,영산로 59번길 30
의정부호원,경기도 의정부시 평화로238,경기도,의정부시,평화로238
목포북항,전라남도 목포시 청호로 173,전라남도,목포시,청호로 173
미아삼거리,서울특별시 성북구 도봉로 29,서울특별시,성북구,도봉로 29
인천남동공단,인천광역시 남동구 논현로 40 1층,인천광역시,남동구,논현로 40 1층
롯데마트광주수완,광주광역시 광산구 장신로 98,광주광역시,광산구,장신로 98
부천뉴코아,경기도 부천시 원미구 송내대로 239(상동),경기도,부천시,원미구 송내대로 239(상동)
영등포타임스퀘어B2,서울특별시 영등포구 영중로 15(영등포동 4가)B2층,서울특별시,영등포구,영중로 15(영등포동 4가)B2층
김해율하,경상남도 김해시 장유동 율하3로 42,경상남도,김해시,장유동 율하3로 42
대구서부정류장,대구광역시 달서구 구마로 260,대구광역시,달서구,구마로 260
신도림역,서울특별시 구로구 경인로661(신도림동),서울특별시,구로구,경인로661(신도림동)
대구서재,대구광역시 달성군 다사읍 서재본길 4-1,대구광역시,달성군,다사읍 서재본길 4-1
롯데마트서산,충청남도 서산시 충의로 27 롯데마트 2층,충청남도,서산시,충의로 27 롯데마트 2층
진주금산,경상남도 진주시 금산면 금산순환로 4,경상남도,진주시,금산면 금산순환로 4
알펜시아리조트,강원도 평창군 대관령면 솔봉로 325,강원도,평창군,대관령면 솔봉로 325
김포장기,경기도 김포시 김포한강 1로 78번길 5(장기동),경기도,김포시,김포한강 1로 78번길 5(장기동)
광주학동,광주광역시 동구 남문로 682 (학동),광주광역시,동구,남문로 682 (학동)
전주동산,전라북도 전주시 덕진구 편운로 6,전라북도,전주시,덕진구 편운로 6
평촌귀인,경기도 안양시 동안구 평촌대로 139,경기도,안양시,동안구 평촌대로 139
고양행신역,경기도 고양시 덕양구 행신동 무원로6번길 50,경기도,고양시,덕양구 행신동 무원로6번길 50
인천올리브,인천광역시 남동구 남동대로 880,인천광역시,남동구,남동대로 880
롯데마트고양,경기도 고양시 덕양구 행신동 중앙동 558번길 21,경기도,고양시,덕양구 행신동 중앙동 558번길 21
양산부산대,경상남도 양산시 물금읍 삽량로 36,경상남도,양산시,물금읍 삽량로 36
대구사월역,대구광역시 수성구 달구벌대로 3280,대구광역시,수성구,달구벌대로 3280
롯데마트통영,경상남도 통영시 무전대로 65,경상남도,통영시,무전대로 65
롯데마트평택배미,"경기도 평택시 평택5로 30 (합정동, 1층)",경기도,평택시,"평택5로 30 (합정동, 1층)"
여수디오션리조트,전라남도 여수시 소호동 923 디오션호텔,전라남도,여수시,소호동 923 디오션호텔
대구아양교,대구광역시 동구 아양로 240,대구광역시,동구,아양로 240
인천송도,인천광역시 연수구 신송로 122,인천광역시,연수구,신송로 122
대구스파밸리,대구광역시 달성군 가창면 가창로 891,대구광역시,달성군,가창면 가창로 891
신곡시장,서울특별시 양천구 신월로 164,서울특별시,양천구,신월로 164
홈플러스일산,경기도 고양시 일산동구 중앙로1275번길 64,경기도,고양시,일산동구 중앙로1275번길 64
평택팽성,경기도 평택시 팽성읍 동서촌로97,경기도,평택시,팽성읍 동서촌로97
용인보정,경기도 용인시 기흥구 죽전로 39,경기도,용인시,기흥구 죽전로 39
화성향남,경기도 화성시 향남읍 발안로 107,경기도,화성시,향남읍 발안로 107
아울렛광명,경기도 광명시 철산로 4 지하 2층,경기도,광명시,철산로 4 지하 2층
홈플러스계림,광주광역시 동구 무등로 314,광주광역시,동구,무등로 314
롯데김해아울렛,경상남도 김해시 신문동72-19,경상남도,김해시,신문동72-19
아산둔포,충청남도 아산시 둔포면 둔포 중앙로 148,충청남도,아산시,둔포면 둔포 중앙로 148
숙대입구역,서울특별시 용산구 한강대로 283,서울특별시,용산구,한강대로 283
인천논현,인천광역시 남동구 논고개로123번길17,인천광역시,남동구,논고개로123번길17
포천D/T,경기도 포천시 소흘읍 호국호 231,경기도,포천시,소흘읍 호국호 231
홈플러스부산감만,부산광역시 남구 우암로 124,부산광역시,남구,우암로 124
롯데마트전주송천,전라북도 전주시 덕진구 송천중앙로 82  (송천동1가),전라북도,전주시,덕진구 송천중앙로 82  (송천동1가)
부산경성대,부산광역시 남구 수영로 300,부산광역시,남구,수영로 300
롯데마트전주,전라북도 전주시 완산구 우전로 240,전라북도,전주시,완산구 우전로 240
롯데마트당진,충청남도 당진시 정안로 20 롯데마트 1층,충청남도,당진시,정안로 20 롯데마트 1층
홈플러스평촌,경기도 안양시 동안구 평촌대로 253번길 48,경기도,안양시,동안구 평촌대로 253번길 48
동대문광장,서울특별시 종로구 종로 286,서울특별시,종로구,종로 286
태백,강원도 태백시 태백로 898,강원도,태백시,태백로 898
구미양포,경상북도 구미시 옥계북로 7,경상북도,구미시,옥계북로 7
홈플러스오창,충청북도 청원군 오창읍 중심상업1로 8-11,충청북도,청주시,오창읍 중심상업1로 8-11
송악,충청남도 당진시 송악읍 신복운로 7길 4-4,충청남도,당진시,송악읍 신복운로 7길 4-4
장승포,경상남도 거제시 능포로 132-1,경상남도,거제시,능포로 132-1
수원북문,경기도 수원시 장안구 영화동 301-6,경기도,수원시,장안구 영화동 301-6
홈플러스천안,충청남도 천안시 동남구 천안대로 574 홈플러스內,충청남도,천안시,동남구 천안대로 574 홈플러스內
화성봉담,경기도 화성시 봉담읍 동화리 599-2번지 이원타워 1층 롯데리아,경기도,화성시,봉담읍 동화리 599-2번지 이원타워 1층 롯데리아
동해,강원도 동해시 천곡로 74,강원도,동해시,천곡로 74
성신여대,서울특별시 성북구 동소문로 117,서울특별시,성북구,동소문로 117
홈플러스진해,경상남도 창원시 진해구 충장로 356,경상남도,창원시,진해구 충장로 356
충주터미널,충청북도 충주시 봉계1길 49 공용터미널1층,충청북도,충주시,봉계1길 49 공용터미널1층
홈플러스조치원,세종특별자치시 허만석로 60-1,세종특별자치시,세종특별자치시,허만석로 60-1
수원성대,경기도 수원시 장안구 서부로 2121,경기도,수원시,장안구 서부로 2121
광주치평점,광주광역시 서구 상무중앙로 95,광주광역시,서구,상무중앙로 95
영덕,경상북도 영덕군 영덕읍 남석길 74,경상북도,영덕군,영덕읍 남석길 74
칠곡석적,경상북도 칠곡군 석적읍 북중리3길 40,경상북도,칠곡군,석적읍 북중리3길 40
홈플러스상인,대구광역시 달서구 월배로 183,대구광역시,달서구,월배로 183
홈플러스계산,인천광역시 계양구 오조산 공원로 14,인천광역시,계양구,오조산 공원로 14
홈플러스목포B1,전라남도 목포시 영산로 313,전라남도,목포시,영산로 313
화성동탄,경기도 화성시 동탄문화센터로 71-3,경기도,화성시,동탄문화센터로 71-3
구미상모,경상북도 구미시 상사동로 64,경상북도,구미시,상사동로 64
롯데마인천삼산B1,인천광역시 부평구 길주로623-0,인천광역시,부평구,길주로623-0
용인상현,"경기도 용인시 수지구 상현로 114, 나래빌딩 104-106호",경기도,용인시,"수지구 상현로 114, 나래빌딩 104-106호"
원통,강원도 인제군 북면 원통로147 길 27,강원도,인제군,북면 원통로147 길 27
평촌주공공이,경기도 안양시 동안구 관평로 170번길 33,경기도,안양시,동안구 관평로 170번길 33
롯데마트대덕테크노밸리,대전광역시 유성구 테크노 중앙로 14,대전광역시,유성구,테크노 중앙로 14
인천가좌,인천광역시 서구 원적로 85,인천광역시,서구,원적로 85
동대문역사문화공원역,서울특별시 중구 을지로 255,서울특별시,중구,을지로 255
전주터미널,전라북도 전주시 덕진구 전북 전주시 덕진구 가리내로 21,전라북도,전주시,덕진구 전북 전주시 덕진구 가리내로 21
청주산남,충청북도 청주시 흥덕구 산남로 70번길 3,충청북도,청주시,흥덕구 산남로 70번길 3
신당역,서울특별시 중구 퇴계로428-1,서울특별시,중구,퇴계로428-1
홈플러스전주,전라북도 전주시 덕진구 백제대로 771  (우아동3가),전라북도,전주시,덕진구 백제대로 771  (우아동3가)
신림역,서울특별시 관악구 남부순환로 1610,서울특별시,관악구,남부순환로 1610
원광대,전라북도 익산시 동서로 19길 103-1 (신동),전라북도,익산시,동서로 19길 103-1 (신동)
천안직산,충청남도 천안시 서북구 봉주로38,충청남도,천안시,서북구 봉주로38
홈플러스해운대,부산광역시 해운대구 해운대해변로 140,부산광역시,해운대구,해운대해변로 140
청량리,서울특별시 동대문구 왕산로 209,서울특별시,동대문구,왕산로 209
울산구영,울산광역시 울주군 범서읍 점촌3길 10-10 1,울산광역시,울주군,범서읍 점촌3길 10-10 1
화성기안,경기도 화성시 효행로287.보보스프라자106,경기도,화성시,효행로287.보보스프라자106
대전가오,대전광역시 동구 은어송로60 103호,대전광역시,동구,은어송로60 103호
부천역,경기도 부천시 소사구 부천로1 부천역사 쇼핑몰,경기도,부천시,소사구 부천로1 부천역사 쇼핑몰
부천역EXP,경기도 부천시 소사구 부천로1 137호 부천역사쇼핑몰,경기도,부천시,소사구 부천로1 137호 부천역사쇼핑몰
광명,경기도 광명시 광명로 890,경기도,광명시,광명로 890
부산사상,부산광역시 사상구 사상로 211,부산광역시,사상구,사상로 211
노량진,서울특별시 동작구 장승배기로 171,서울특별시,동작구,장승배기로 171
순천풍덕,전라남도 순천시 팔마로 222,전라남도,순천시,팔마로 222
용인구성,경기도 용인시 기흥구 구성로 58,경기도,용인시,기흥구 구성로 58
인천만수,인천광역시 남동구 만수로47 만수메디칼 빌딩105호,인천광역시,남동구,만수로47 만수메디칼 빌딩105호
대전전민,대전광역시 유성구 유성대로 1746-1,대전광역시,유성구,유성대로 1746-1
홈플러스울산북구,울산광역시 북구 신답로 26,울산광역시,북구,신답로 26
호평,경기도 남양주시 늘을2로 14번길 3,경기도,남양주시,늘을2로 14번길 3
의정부제일,경기도 의정부시 시민로131번길 16,경기도,의정부시,시민로131번길 16
고창,전라북도 고창군 고창읍 중앙로 229,전라북도,고창군,고창읍 중앙로 229
홈플러스천안신방,충청남도 천안시 동남구 신촌1길23,충청남도,천안시,동남구 신촌1길23
건대스타시티,서울특별시 광진구 아차산로272,서울특별시,광진구,아차산로272
롯데마트군산,전라북도 군산시 수송로 210-1,전라북도,군산시,수송로 210-1
파주교하,경기도 파주시 책향기로 419 (동패동),경기도,파주시,책향기로 419 (동패동)
인천석남,"인천광역시 서구 거북로 87, 1층",인천광역시,서구,"거북로 87, 1층"
광주문흥,광주광역시 북구 서하로 384,광주광역시,북구,서하로 384
홈플러스방학,서울특별시 도봉구 도봉로 678,서울특별시,도봉구,도봉로 678
조치원,세종특별자치시 조치원로 27-1,세종특별자치시,세종특별자치시,조치원로 27-1
롯데마트장유,경상남도 김해시 장유면 번화1로 56번길 15,경상남도,김해시,장유면 번화1로 56번길 15
아산배방,충청남도 아산시 배방읍 공수리 149-8번지 장호빌딩1층,충청남도,아산시,배방읍 공수리 149-8번지 장호빌딩1층
신촌로터리,서울특별시 마포구 서강로 137,서울특별시,마포구,서강로 137
광주신창,광주광역시 광산구 신창로 116(신창동),광주광역시,광산구,신창로 116(신창동)
전주고사,전라북도 전주시 완산구 전주객사5길 22-3(고사동),전라북도,전주시,완산구 전주객사5길 22-3(고사동)
오산원동,경기도 오산시 원동로37번길 37,경기도,오산시,원동로37번길 37
홈플러스신내,서울특별시 중랑구 신내로 201,서울특별시,중랑구,신내로 201
의정부회룡역,경기도 의정부시 평화로 374 한승아파트,경기도,의정부시,평화로 374 한승아파트
오창,충청북도 청원군 오창읍 중심상업로 7,충청북도,청주시,오창읍 중심상업로 7
대전반석,대전광역시 유성구 반석로 9,대전광역시,유성구,반석로 9
가평,경기도 가평군 가평읍 가화로 106,경기도,가평군,가평읍 가화로 106
대산,충청남도 서산시 대산읍 구진로 20,충청남도,서산시,대산읍 구진로 20
진건,경기도 남양주시 진건읍 진건오남로 75 롯데리아,경기도,남양주시,진건읍 진건오남로 75 롯데리아
부산역,부산광역시 동구 중앙대로 201(초량동),부산광역시,동구,중앙대로 201(초량동)
마산터미널,경상남도 창원시 마산회원구 3·15대로 756,경상남도,창원시,마산회원구 3·15대로 756
수원팔달,경기도 수원시 팔달구 팔달로3가 101-2,경기도,수원시,팔달구 팔달로3가 101-2
곤지암,경기도 광주시 곤지암읍 곤지암로 54,경기도,광주시,곤지암읍 곤지암로 54
홈플러스내당,대구광역시 서구 달구벌대로 1821,대구광역시,서구,달구벌대로 1821
롯데마트천안성정,충청남도 천안시 서북구 성정두정로 1  1층 롯데리아,충청남도,천안시,서북구 성정두정로 1  1층 롯데리아
홈플러스마산양덕,경상남도 창원시 마산회원구 삼호로 56,경상남도,창원시,마산회원구 삼호로 56
캐슬플라자,서울특별시 송파구 올림픽로 269 캐슬골드 B1,서울특별시,송파구,올림픽로 269 캐슬골드 B1
분당미금아울렛,경기도 성남시 분당구 미금일로154번길 20,경기도,성남시,분당구 미금일로154번길 20
의정부가능역점,경기도 의정부시 평화로635,경기도,의정부시,평화로635
홈플러스강서,서울특별시 강서구 화곡로 398,서울특별시,강서구,화곡로 398
서천,충청남도 서천군 서천읍 서천로 30,충청남도,서천군,서천읍 서천로 30
홈플러스인하,인천광역시 미추홀구 소성로 6,인천광역시,미추홀구,소성로 6
인천원당,인천광역시 서구 당하동 원당대로876,인천광역시,서구,당하동 원당대로876
대림역,서울특별시 영등포구 도림로 148,서울특별시,영등포구,도림로 148
화성태안,경기도 화성시 병점1로 221,경기도,화성시,병점1로 221
롯데마트웅상,경상남도 양산시 삼호1길 34,경상남도,양산시,삼호1길 34
원주무실,강원도 원주시 시청로 86,강원도,원주시,시청로 86
영월,강원도 영월군 영월읍 중앙로 24,강원도,영월군,영월읍 중앙로 24
김해북부,경상남도 김해시 가야로 183,경상남도,김해시,가야로 183
인천당하,인천광역시 서구 완정로 18,인천광역시,서구,완정로 18
전주메가월드,전라북도 전주시 덕진구 동부대로 1229,전라북도,전주시,덕진구 동부대로 1229
대구칠곡매천,대구광역시 북구 학정로 40,대구광역시,북구,학정로 40
청도,경상북도 청도군 청도읍 청화로 207,경상북도,청도군,청도읍 청화로 207
김천EXP,경상북도 김천시 시청로 66,경상북도,김천시,시청로 66
성남상대원,경기도 성남시 중원구 희망로 348,경기도,성남시,중원구 희망로 348
일산대화,경기도 고양시 일산서구 대화로136,경기도,고양시,일산서구 대화로136
음성,충청북도 음성군 음성읍 수정로 53,충청북도,음성군,음성읍 수정로 53
화성발안,경기도 화성시 향남읍 삼천병마로 207,경기도,화성시,향남읍 삼천병마로 207
롯데마트서대전,대전광역시 유성구 유성대로 26-37롯데마트(서대전점) 2층 롯데리아,대전광역시,유성구,유성대로 26-37롯데마트(서대전점) 2층 롯데리아
롯데마트의왕,경기도 의왕시 계원대학로 7,경기도,의왕시,계원대학로 7
롯데마트첨단,광주광역시 광산구 첨단 강변로99번길22(쌍암동),광주광역시,광산구,첨단 강변로99번길22(쌍암동)
제천청전,충청북도 제천시 청전동 청전대로169,충청북도,제천시,청전동 청전대로169
안양비산,경기도 안양시 동안구 관악대로 131,경기도,안양시,동안구 관악대로 131
NC청주,충청북도 청주시 흥덕구 2순환로 1233(가경동),충청북도,청주시,흥덕구 2순환로 1233(가경동)
홈플러스시화,경기도 시흥시 희망공원로 269,경기도,시흥시,희망공원로 269
일산중산,경기도 고양시 일산동구 중산로 245번길,경기도,고양시,일산동구 중산로 245번길
횡성,강원도 횡성군 횡성읍 문정로 25,강원도,횡성군,횡성읍 문정로 25
예천,경상북도 예천군 예천읍 중앙로 27,경상북도,예천군,예천읍 중앙로 27
대전역사,대전광역시 동구 중앙로 215(정동),대전광역시,동구,중앙로 215(정동)
롯데마트사하,부산광역시 사하구 을숙도대로 610,부산광역시,사하구,을숙도대로 610
롯데마트오산,경기도 오산시 경기대로 271,경기도,오산시,경기대로 271
롯데마트주엽,경기도 고양시 일산서구 중앙로1496,경기도,고양시,일산서구 중앙로1496
롯데마트충주,충청북도 충주시 봉계1길 49 롯데마트2층,충청북도,충주시,봉계1길 49 롯데마트2층
금강휴게소,충청북도 옥천군 동이면 금갈로 596,충청북도,옥천군,동이면 금갈로 596
광주송정,광주광역시 광산구 송정로 1번길88,광주광역시,광산구,송정로 1번길88
구미진평,경상북도 구미시 인동36길 5,경상북도,구미시,인동36길 5
대구동서변,대구광역시 북구 호국로 219,대구광역시,북구,호국로 219
구미원평,경상북도 구미시 구미중앙로17길 9,경상북도,구미시,구미중앙로17길 9
순천시청,전라남도 순천시 장명로22(장천동),전라남도,순천시,장명로22(장천동)
서울역광장,서울특별시 용산구 한강대로 405 101호,서울특별시,용산구,한강대로 405 101호
서울역사,서울특별시 용산구 한강대로 405 109호 2층,서울특별시,용산구,한강대로 405 109호 2층
구미도량,경상북도 구미시 송동로 65,경상북도,구미시,송동로 65
양구,강원도 양구군 양구읍 양록길 99,강원도,양구군,양구읍 양록길 99
A.G선수촌,부산광역시 해운대구 선수촌로 109-1,부산광역시,해운대구,선수촌로 109-1
홈플러스금천,서울특별시 금천구 시흥대로 391,서울특별시,금천구,시흥대로 391
군산대학,전라북도 군산시 황룡로 3,전라북도,군산시,황룡로 3
파주법원,경기도 파주시 법원읍 술이홀로879번길 13-2,경기도,파주시,법원읍 술이홀로879번길 13-2
수원율현,경기도 수원시 팔달구 일월로22번길 4,경기도,수원시,팔달구 일월로22번길 4
천안두정,충청남도 천안시 서북구 봉정로 380 혜성빌딩,충청남도,천안시,서북구 봉정로 380 혜성빌딩
부산대연,부산광역시 남구 수영로 200,부산광역시,남구,수영로 200
안산역사,경기도 안산시 단원구 중앙대로 462,경기도,안산시,단원구 중앙대로 462
시흥제일,경기도 시흥시 호현로10번길 17,경기도,시흥시,호현로10번길 17
강릉교동,강원도 강릉시 교동광장로 106,강원도,강릉시,교동광장로 106
양산중부,경상남도 양산시 양산역로 69,경상남도,양산시,양산역로 69
군포당동,경기도 군포시 고산로262번길 1층,경기도,군포시,고산로262번길 1층
경남합천,경상남도 합천군 합천읍 동서로 85-1,경상남도,합천군,합천읍 동서로 85-1
제주공항,제주특별자치도 제주시 공항로 2 국내선 청사 4층,제주특별자치도,제주시,공항로 2 국내선 청사 4층
포항죽도,경상북도 포항시 북구 중흥로 187,경상북도,포항시,북구 중흥로 187
홈플러스아시아드,부산광역시 연제구 종합운동장로 7 (거제동),부산광역시,연제구,종합운동장로 7 (거제동)
안산제일,경기도 안산시 단원구 선부광장1로 56,경기도,안산시,단원구 선부광장1로 56
대천광장,충청남도 보령시 해수욕장2길 1(신흑동),충청남도,보령시,해수욕장2길 1(신흑동)
대구칠곡구암,대구광역시 북구 학정로 440,대구광역시,북구,학정로 440
포항두호,경상북도 포항시 북구 두호로 26,경상북도,포항시,북구 두호로 26
대구퀸스로드,대구광역시 서구 평리로35길 18-8,대구광역시,서구,평리로35길 18-8
분당미금,경기도 성남시 분당구 돌마로 68,경기도,성남시,분당구 돌마로 68
마산호계,경상남도 창원시 마산회원구 내서읍 호원로 220,경상남도,창원시,마산회원구 내서읍 호원로 220
인천연희D/T,인천광역시 서구 서곶로 289,인천광역시,서구,서곶로 289
안성중앙,경기도 안성시 중앙로 397,경기도,안성시,중앙로 397
종각역,서울특별시 종로구 종로 68,서울특별시,종로구,종로 68
수원역광장,경기도 수원시 팔달구 덕영대로 924,경기도,수원시,팔달구 덕영대로 924
목포상동,전라남도 목포시 백년대로 339,전라남도,목포시,백년대로 339
부천상동,"경기도 부천시 원미구 상동로 87 가나베스트타운 110,111",경기도,부천시,"원미구 상동로 87 가나베스트타운 110,111"
서울랜드2호,경기도 과천시 막계동 광명로 181(서울랜드),경기도,과천시,막계동 광명로 181(서울랜드)
울산화정,울산광역시 동구 대학길 65,울산광역시,동구,대학길 65
GS천안,충청남도 천안시 동남구 충절로 148번지 GS슈퍼內,충청남도,천안시,동남구 충절로 148번지 GS슈퍼內
봉일천,경기도 파주시 조리읍 봉천로 40,경기도,파주시,조리읍 봉천로 40
시흥연성,경기도 시흥시 진말로 19번길 16,경기도,시흥시,진말로 19번길 16
응암오거리,서울특별시 은평구 응암로 177,서울특별시,은평구,응암로 177
대구다사,대구광역시 달성군 다사읍 달구벌대로 874 A동 107호,대구광역시,달성군,다사읍 달구벌대로 874 A동 107호
경상대학,경상남도 진주시 진주대로 594(가좌동),경상남도,진주시,진주대로 594(가좌동)
광주용봉,광주광역시 북구 비엔날레로 112,광주광역시,북구,비엔날레로 112
부산주례역,부산광역시 사상구 가야대로 316,부산광역시,사상구,가야대로 316
대구방촌,대구광역시 동구 화랑로 409,대구광역시,동구,화랑로 409
대전비래,대전광역시 대덕구 비래동로 13,대전광역시,대덕구,비래동로 13
야탑역,경기도 성남시 분당구 성남대로925번길 11,경기도,성남시,분당구 성남대로925번길 11
청주금천,충청북도 청주시 상당구 수영로 285,충청북도,청주시,상당구 수영로 285
동인천역전,인천광역시 중구 참외전로 122(인현동),인천광역시,중구,참외전로 122(인현동)
울산호계,울산광역시 북구 호계로 302,울산광역시,북구,호계로 302
대전신성,대전광역시 유성구 신성남로 45(신성동),대전광역시,유성구,신성남로 45(신성동)
안산신도시,경기도 안산시 단원구 고잔동 광덕대로 154 로데오타운 1F,경기도,안산시,단원구 고잔동 광덕대로 154 로데오타운 1F
경주안강,경상북도 경주시 안강읍 비화원로 77,경상북도,경주시,안강읍 비화원로 77
장안사거리,서울특별시 동대문구 답십리로 287,서울특별시,동대문구,답십리로 287
대전가장,대전광역시 서구 가장로106(롯데리아),대전광역시,서구,가장로106(롯데리아)
대구논공,대구광역시 달성군 논공읍 논공로 741,대구광역시,달성군,논공읍 논공로 741
대구나이스수성,대구광역시 수성구 수성로 227,대구광역시,수성구,수성로 227
안동옥동,경상북도 안동시 경북대로 418,경상북도,안동시,경북대로 418
대구안지랑,대구광역시 남구 대명로 160-2,대구광역시,남구,대명로 160-2
양평,경기도 양평군 양평읍 역전길3,경기도,양평군,양평읍 역전길3
창원팔용,경상남도 창원시 의창구 사화로80번길 1,경상남도,창원시,의창구 사화로80번길 1
여수신기,전라남도 여수시 선소로 84  (신기동),전라남도,여수시,선소로 84  (신기동)
경남창녕,경상남도 창녕군 창녕읍 명덕로 70,경상남도,창녕군,창녕읍 명덕로 70
시흥시화,경기도 시흥시 옥구상가2길 4,경기도,시흥시,옥구상가2길 4
인천청천,인천광역시 부평구 마장로 396,인천광역시,부평구,마장로 396
혜화,서울특별시 종로구 창경궁로 273,서울특별시,종로구,창경궁로 273
금왕,충청북도 음성군 금왕읍 무극로 250,충청북도,음성군,금왕읍 무극로 250
염창,서울특별시 강서구 양천로 657,서울특별시,강서구,양천로 657
구미오태D/T,경상북도 구미시 금오대로 292,경상북도,구미시,금오대로 292
안산초지,경기도 안산시 단원구 광덕1로 55,경기도,안산시,단원구 광덕1로 55
울산온산,울산광역시 울주군 온산읍 덕신리 270-8,울산광역시,울주군,온산읍 덕신리 270-8
울산태화,울산광역시 중구 태화로 174,울산광역시,중구,태화로 174
광주금호,광주광역시 서구 금화로 89  (금호동),광주광역시,서구,금화로 89  (금호동)
의정부용현,경기도 의정부시 충의로 62,경기도,의정부시,충의로 62
단구GS마트,강원도 원주시 서원대로390,강원도,원주시,서원대로390
안양역사,경기도 안양시 만안구 만안로 232,경기도,안양시,만안구 만안로 232
홈플러스센텀시티,부산광역시 해운대구 센텀동로 1-224,부산광역시,해운대구,센텀동로 1-224
부산안락,부산광역시 동래구 안락로 134,부산광역시,동래구,안락로 134
남양주청학,경기도 남양주시 청학로중앙길15,경기도,남양주시,청학로중앙길15
동암남부,인천광역시 부평구 동암남로 5,인천광역시,부평구,동암남로 5
포항흥해,경상북도 포항시 북구 흥해읍 흥해로 38,경상북도,포항시,북구 흥해읍 흥해로 38
창원도계,경상남도 창원시 의창구 도계로 99,경상남도,창원시,의창구 도계로 99
일산탄현,경기도 고양시 일산서구 일현로 47,경기도,고양시,일산서구 일현로 47
홈플러스동수원,경기도 수원시 팔달구 호원로 257,경기도,수원시,팔달구 호원로 257
광양,전라남도 광양시 광양읍 매천로835,전라남도,광양시,광양읍 매천로835
명지대학,서울특별시 서대문구 남가좌2동 324-31,서울특별시,서대문구,남가좌2동 324-31
개봉역,서울특별시 구로구 경인로 40길 47 1F,서울특별시,구로구,경인로 40길 47 1F
롯데마트울산,울산광역시 남구 달동 삼산로 74(달동),울산광역시,남구,달동 삼산로 74(달동)
양산덕계,경상남도 양산시 덕계로 78,경상남도,양산시,덕계로 78
삼천포벌리,경상남도 사천시 주공로 9,경상남도,사천시,주공로 9
광주하남,광주광역시 광산구 월곡1동 538-2,광주광역시,광산구,월곡1동 538-2
인천강화,인천광역시 강화군 강화읍 강화대로 419,인천광역시,강화군,강화읍 강화대로 419
광주진월,광주광역시 남구 서문대로 662,광주광역시,남구,서문대로 662
궁전라벤더,대구광역시 동구 아양로 52,대구광역시,동구,아양로 52
익산부송,전라북도 익산시 부송로66,전라북도,익산시,부송로66
전주아중,전라북도 전주시 덕진구 무삼지로 66,전라북도,전주시,덕진구 무삼지로 66
울진D/I,경상북도 울진군 울진읍 읍내리 47,경상북도,울진군,울진읍 읍내리 47
대전중촌,대전광역시 중구 목중로 22 1층 롯데리,대전광역시,중구,목중로 22 1층 롯데리
장현,경기도 남양주시 진접읍 장현로 93,경기도,남양주시,진접읍 장현로 93
인천용현,인천광역시 미추홀구 낙섬중로 42,인천광역시,미추홀구,낙섬중로 42
금촌로터리,경기도 파주시 황골로 39,경기도,파주시,황골로 39
남부터미널,서울특별시 서초구 효령로 289 장곡빌딩 103호,서울특별시,서초구,효령로 289 장곡빌딩 103호
하남신장,경기도 하남시 대청로73,경기도,하남시,대청로73
홈플러스울산,울산광역시 중구 번영로 475,울산광역시,중구,번영로 475
킴스순천,전라남도 순천시 비봉2길 4-12,전라남도,순천시,비봉2길 4-12
화성남양,경기도 화성시 남양읍 남양성지로 147,경기도,화성시,남양읍 남양성지로 147
안산본오,경기도 안산시 상록구 샘골로 150 동성빌딩 101,경기도,안산시,상록구 샘골로 150 동성빌딩 101
인천작전,인천광역시 계양구 안남로 548,인천광역시,계양구,안남로 548
천안쌍용,충청남도 천안시 동남구 쌍용대로 84,충청남도,천안시,동남구 쌍용대로 84
수원터미널,경기도 수원시 권선구 경수대로 270 1311호,경기도,수원시,권선구 경수대로 270 1311호
부산아쿠아리움,부산광역시 해운대구 해운대 해변로 266,부산광역시,해운대구,해운대 해변로 266
석관,서울특별시 성북구 돌곶이로 75,서울특별시,성북구,돌곶이로 75
신김포공항,서울특별시 강서구 하늘길 김포공,서울특별시,강서구,하늘길 김포공
홈플러스구월,인천광역시 남동구 에술로 198 (구월동),인천광역시,남동구,에술로 198 (구월동)
청주하복대,충청북도 청주시 흥덕구 진재로 56,충청북도,청주시,흥덕구 진재로 56
인천학익,인천광역시 미추홀구 매소홀로 466,인천광역시,미추홀구,매소홀로 466
시흥중앙,서울특별시 금천구 금하로 712,서울특별시,금천구,금하로 712
부산터미날1호,부산광역시 금정구 중앙대로 2238,부산광역시,금정구,중앙대로 2238
청주대학,충청북도 청주시 상당구 상당로 255,충청북도,청주시,상당구 상당로 255
원주하나로,강원도 원주시 무실로 182,강원도,원주시,무실로 182
삼척,강원도 삼척시 진주로32,강원도,삼척시,진주로32
수원권선,경기도 수원시 권선구 동수원로 242번길 20,경기도,수원시,권선구 동수원로 242번길 20
양주덕정,경기도 양주시 고암길 306-77,경기도,양주시,고암길 306-77
시흥은행,경기도 시흥시 대은로83,경기도,시흥시,대은로83
대전송촌,대전광역시 대덕구 동춘당로 94번길 11-7,대전광역시,대덕구,동춘당로 94번길 11-7
공주신관,충청남도 공주시 흑수골길 34,충청남도,공주시,흑수골길 34
군산나운,전라북도 군산시 하나운로 73,전라북도,군산시,하나운로 73
광주오치,광주광역시 북구 오치동 949-27,광주광역시,북구,오치동 949-27
울산범서,울산광역시 울주군 범서읍 천상길 29,울산광역시,울주군,범서읍 천상길 29
일산마두,경기도 고양시 일산동구 일산로 239번길,경기도,고양시,일산동구 일산로 239번길
평택안중,경기도 평택시 안중읍 안중로 109-2,경기도,평택시,안중읍 안중로 109-2
해남,전라남도 해남군 해남읍 중앙2로 해남읍 중앙2로 22,전라남도,해남군,해남읍 중앙2로 해남읍 중앙2로 22
고성,경상남도 고성군 고성읍 동외로 178번길 3-19,경상남도,고성군,고성읍 동외로 178번길 3-19
까치산역,서울특별시 강서구 강서로 35 롯데리아,서울특별시,강서구,강서로 35 롯데리아
대전송강,대전광역시 유성구 구즉로 71,대전광역시,유성구,구즉로 71
김해진영,경상남도 김해시 진영읍 여래로 18,경상남도,김해시,진영읍 여래로 18
강원대학,강원도 춘천시 서부대성로 243,강원도,춘천시,서부대성로 243
구미동아,경상북도 구미시 송원동로 28,경상북도,구미시,송원동로 28
청주사천,충청북도 청주시 상당구 사뜸로 49,충청북도,청주시,상당구 사뜸로 49
경산사동,경상북도 경산시 원효로32길 23,경상북도,경산시,원효로32길 23
대구신당,대구광역시 달서구 계대동문로 24-1,대구광역시,달서구,계대동문로 24-1
북비산,대구광역시 서구 달서로 182,대구광역시,서구,달서로 182
창원대학,경상남도 창원시 의창구 퇴촌로 31-1,경상남도,창원시,의창구 퇴촌로 31-1
신림녹두,서울특별시 관악구 신림로23길 16,서울특별시,관악구,신림로23길 16
일동,경기도 포천시 일동면 화동로 1051번길 4-7,경기도,포천시,일동면 화동로 1051번길 4-7
충주칠금,충청북도 충주시 칠금12길 5,충청북도,충주시,칠금12길 5
안산한양대,경기도 안산시 상록구 광덕1로 379,경기도,안산시,상록구 광덕1로 379
진천,충청북도 진천군 진천읍 중앙동로 56,충청북도,진천군,진천읍 중앙동로 56
홈플러스거제,경상남도 거제시 장평로 12 홈플러스지하1층,경상남도,거제시,장평로 12 홈플러스지하1층
구로가산,서울특별시 금천구 디지털로 188,서울특별시,금천구,디지털로 188
청주분평,충청북도 청주시 흥덕구 월평로 4,충청북도,청주시,흥덕구 월평로 4
창원대방,경상남도 창원시 성산구 가양로124번길 13,경상남도,창원시,성산구 가양로124번길 13
대전노은,대전광역시 유성구 은구비로42,대전광역시,유성구,은구비로42
안산D/T,경기도 안산시 상록구 예술광장1로 68,경기도,안산시,상록구 예술광장1로 68
대전갈마,대전광역시 서구 갈마로64,대전광역시,서구,갈마로64
경주황성,경상북도 경주시 황성로 33,경상북도,경주시,황성로 33
성환,충청남도 천안시 서북구성환읍 성환2로 372-1,충청남도,천안시,서북구성환읍 성환2로 372-1
포항양덕,경상북도 포항시 북구 천마로 68,경상북도,포항시,북구 천마로 68
월드점,서울특별시 송파구 올림픽로 240 1층 롯데월드 스포츠센타,서울특별시,송파구,올림픽로 240 1층 롯데월드 스포츠센타
광주운남,광주광역시 광산구 하남대로 282,광주광역시,광산구,하남대로 282
인천남동구청,인천광역시 남동구 장승남로 54,인천광역시,남동구,장승남로 54
청주사창,충청북도 청주시 흥덕구 내수동로116(사창동),충청북도,청주시,흥덕구 내수동로116(사창동)
아차산역,서울특별시 광진구 천호대로 665,서울특별시,광진구,천호대로 665
광양중동,전라남도 광양시 공영로62(중동),전라남도,광양시,공영로62(중동)
울산터미널,울산광역시 남구 화합로 133,울산광역시,남구,화합로 133
태안,충청남도 태안군 태안읍 동백로 291-4,충청남도,태안군,태안읍 동백로 291-4
탑마트신다대,부산광역시 사하구 다송로 58,부산광역시,사하구,다송로 58
인천연수,인천광역시 연수구 샘말로 55,인천광역시,연수구,샘말로 55
계룡,충청남도 계룡시 엄사면 엄사리 번영로 36번지,충청남도,계룡시,엄사면 엄사리 번영로 36번지
동수원,경기도 수원시 팔달구 인계로 166번길 48-21,경기도,수원시,팔달구 인계로 166번길 48-21
진주상대,경상남도 진주시 동진로175,경상남도,진주시,동진로175
대구화원,대구광역시 달성군 화원읍 비슬로 2566-1,대구광역시,달성군,화원읍 비슬로 2566-1
시흥정왕,경기도 시흥시 정왕대로 220,경기도,시흥시,정왕대로 220
청주율량,충청북도 청주시 청원구 율봉로 197 102.103호(율량동875-6),충청북도,청주시,청원구 율봉로 197 102.103호(율량동875-6)
거제옥포,경상남도 거제시 옥포로 177,경상남도,거제시,옥포로 177
여천,전라남도 여수시 시청로 43 (학동),전라남도,여수시,시청로 43 (학동)
춘천명동EXP,강원도 춘천시 중앙로1가 91,강원도,춘천시,중앙로1가 91
경안제일,경기도 광주시 중앙로 152,경기도,광주시,중앙로 152
쌍문역,서울특별시 도봉구 도봉로 484,서울특별시,도봉구,도봉로 484
광주일곡,광주광역시 북구 설죽로 506-3  (일곡동),광주광역시,북구,설죽로 506-3  (일곡동)
순천금당,전라남도 순천시 조례못등길25(조례동),전라남도,순천시,조례못등길25(조례동)
GS마트상계,서울특별시 노원구 한글비석로 471,서울특별시,노원구,한글비석로 471
신부여,충청남도 부여군 부여읍 사비로 86,충청남도,부여군,부여읍 사비로 86
부천고강,경기도 부천시 오정구 역곡로481번길 9,경기도,부천시,오정구 역곡로481번길 9
전곡,경기도 연천군 전곡읍 온골로 49,경기도,연천군,전곡읍 온골로 49
안양,경기도 안양시 만안구 안양로 292번길 28,경기도,안양시,만안구 안양로 292번길 28
마석,경기도 남양주시 화도읍 마석로 14,경기도,남양주시,화도읍 마석로 14
나주,전라남도 나주시 나주로 186,전라남도,나주시,나주로 186
철원동송,강원도 철원군 동송읍 이평1리 679-2,강원도,철원군,동송읍 이평1리 679-2
부산반여,부산광역시 해운대구 재반로 209,부산광역시,해운대구,재반로 209
대구평리,대구광역시 서구 국채보상로 246,대구광역시,서구,국채보상로 246
목동사거리,서울특별시 양천구 등촌로 28,서울특별시,양천구,등촌로 28
전주효자CGV,전라북도 전주시 완산구 용머리로 46,전라북도,전주시,완산구 용머리로 46
서산터미날,충청남도 서산시 안견로 190,충청남도,서산시,안견로 190
대구북부터미날,대구광역시 서구 서대구로 295-6,대구광역시,서구,서대구로 295-6
사천,경상남도 사천시 정동면 옥산로 46번지 청솔빌딩 1층,경상남도,사천시,정동면 옥산로 46번지 청솔빌딩 1층
인천부개,인천광역시 부평구 길주남로 155,인천광역시,부평구,길주남로 155
신평탑마트,부산광역시 사하구 하신중앙로 210,부산광역시,사하구,하신중앙로 210
세이브마트,서울특별시 관악구 난곡로 220,서울특별시,관악구,난곡로 220
옥천,충청북도 옥천군 옥천읍 중앙로 45,충청북도,옥천군,옥천읍 중앙로 45
남해,경상남도 남해군 남해읍 화전로 52-1,경상남도,남해군,남해읍 화전로 52-1
대구용산,대구광역시 달서구 평리로 50,대구광역시,달서구,평리로 50
인천옥련,인천광역시 연수구 둑배로 40번길 39,인천광역시,연수구,둑배로 40번길 39
광주봉선,광주광역시 남구 봉선 중앙로82(봉선동),광주광역시,남구,봉선 중앙로82(봉선동)
부산대신,부산광역시 서구 구덕로 340번길 4,부산광역시,서구,구덕로 340번길 4
청주개신,충청북도 청주시 흥덕구 경신로 31-1,충청북도,청주시,흥덕구 경신로 31-1
천안백석,충청남도 천안시 서북구 백석4길 4,충청남도,천안시,서북구 백석4길 4
주안고려,인천광역시 미추홀구 주안동 미추홀대로 743,인천광역시,미추홀구,주안동 미추홀대로 743
청주용암,충청북도 청주시 상당구 월평로 172,충청북도,청주시,상당구 월평로 172
광주염주,광주광역시 서구 월드컵4강로 66(화정동),광주광역시,서구,월드컵4강로 66(화정동)
연신내역,서울특별시 은평구 연서로 227,서울특별시,은평구,연서로 227
인천구월,인천광역시 남동구 구월로 270,인천광역시,남동구,구월로 270
금산,충청남도 금산군 금산읍 인삼로 71(앤이씨티 101호),충청남도,금산군,금산읍 인삼로 71(앤이씨티 101호)
인천병방,인천광역시 계양구 장제로 907,인천광역시,계양구,장제로 907
홍천,강원도 홍천군 홍천읍 신장대리 79-71,강원도,홍천군,홍천읍 신장대리 79-71
여주,경기도 여주시 세종로 21,경기도,여주시,세종로 21
마천,서울특별시 송파구 마천로 315,서울특별시,송파구,마천로 315
영대병원,대구광역시 남구 대명로 313,대구광역시,남구,대명로 313
전주서신,전라북도 전주시 완산구 당산로 112  (서신동),전라북도,전주시,완산구 당산로 112  (서신동)
포항오천,경상북도 포항시 남구 오천읍 정몽주로 675,경상북도,포항시,남구 오천읍 정몽주로 675
충북영동,충청북도 영동군 영동읍 중앙로 22-1,충청북도,영동군,영동읍 중앙로 22-1
신탄진,대전광역시 대덕구 신탄진로818-1,대전광역시,대덕구,신탄진로818-1
인천계양,인천광역시 계양구 용종로 2 계산프라자 1층,인천광역시,계양구,용종로 2 계산프라자 1층
노원역,서울특별시 노원구 상계로 64,서울특별시,노원구,상계로 64
증평,충청북도 증평군 증평읍 중앙로 215-1,충청북도,증평군,증평읍 중앙로 215-1
강변씨네마,서울특별시 광진구 광나루로 56길 85,서울특별시,광진구,광나루로 56길 85
점촌,경상북도 문경시 호서로 2,경상북도,문경시,호서로 2
구포,부산광역시 북구 낙동대로 1698,부산광역시,북구,낙동대로 1698
금호,서울특별시 성동구 장터길 23,서울특별시,성동구,장터길 23
강변테크노,서울특별시 광진구 광나루로 56길 85 지하1층,서울특별시,광진구,광나루로 56길 85 지하1층
영도남항,부산광역시 영도구 영선대로 83,부산광역시,영도구,영선대로 83
팔달시장,대구광역시 북구 팔달로 145,대구광역시,북구,팔달로 145
면목중앙,서울특별시 중랑구 면목로 415,서울특별시,중랑구,면목로 415
대전타임월드,대전광역시 서구 둔지로 17(둔산동),대전광역시,서구,둔지로 17(둔산동)
평택중앙,경기도 평택시 평택2로 10번길 10-3,경기도,평택시,평택2로 10번길 10-3
부산장림,부산광역시 사하구 장평로 145번길 77,부산광역시,사하구,장평로 145번길 77
김해어방,경상남도 김해시 인제로 190,경상남도,김해시,인제로 190
북마산,경상남도 창원시 마산회원구 북성로 118,경상남도,창원시,마산회원구 북성로 118
광주충장,광주광역시 동구 충장로 77-7,광주광역시,동구,충장로 77-7
인천신기,인천광역시 미추홀구 인하로 287,인천광역시,미추홀구,인하로 287
제주시청,제주특별자치도 제주시 중앙로 246-1,제주특별자치도,제주시,중앙로 246-1
포천,경기도 포천시 신읍동 41-3번지,경기도,포천시,신읍동 41-3번지
김제,전라북도 김제시 화동길 6,전라북도,김제시,화동길 6
순천연향,전라남도 순천시 연향3로 43 롯데리아,전라남도,순천시,연향3로 43 롯데리아
경북왜관,경상북도 칠곡군 왜관읍 중앙로 212,경상북도,칠곡군,왜관읍 중앙로 212
수원화서,경기도 수원시 팔달구 팔달로 105,경기도,수원시,팔달구 팔달로 105
대구대곡,대구광역시 달서구 도원로 30,대구광역시,달서구,도원로 30
영도동삼,부산광역시 영도구 동삼로 25,부산광역시,영도구,동삼로 25
원주우산,강원도 원주시 우산로 72,강원도,원주시,우산로 72
구서,부산광역시 금정구 구서로 3-1,부산광역시,금정구,구서로 3-1
창원용호,경상남도 창원시 의창구 용지로153번길 7,경상남도,창원시,의창구 용지로153번길 7
구로시장,서울특별시 구로구 구로6동 141-5,서울특별시,구로구,구로6동 141-5
홍성,충청남도 홍성군 홍성읍 아문길29번길82,충청남도,홍성군,홍성읍 아문길29번길82
하양,경상북도 경산시 하양읍 하양로 126,경상북도,경산시,하양읍 하양로 126
대구계명,대구광역시 남구 현충로 250,대구광역시,남구,현충로 250
구미인동,경상북도 구미시 인동중앙로 36-10,경상북도,구미시,인동중앙로 36-10
영천시장,경상북도 영천시 완산로 완산로 73,경상북도,영천시,완산로 완산로 73
대전도마,대전광역시 서구 계백로 1435,대전광역시,서구,계백로 1435
대전은행,대전광역시 중구 중앙로 174(은행동),대전광역시,중구,중앙로 174(은행동)
문현,부산광역시 남구 수영로 15,부산광역시,남구,수영로 15
광주터미널,광주광역시 서구 무진대로 904,광주광역시,서구,무진대로 904
용인터미널,경기도 용인시 처인구 중부대로 1486,경기도,용인시,처인구 중부대로 1486
구미형곡,경상북도 구미시 형곡동로 54,경상북도,구미시,형곡동로 54
대전중동,대전광역시 동구 중앙로 189-1(중동),대전광역시,동구,중앙로 189-1(중동)
동두천,경기도 동두천시 중앙로 270,경기도,동두천시,중앙로 270
거창,경상남도 거창군 거창읍 아림로 20-1,경상남도,거창군,거창읍 아림로 20-1
통영,경상남도 통영시 중앙로 111,경상남도,통영시,중앙로 111
인천백운,인천광역시 부평구 경원대로1240번길,인천광역시,부평구,경원대로1240번길
하남덕풍,경기도 하남시 신장로 147,경기도,하남시,신장로 147
언양,울산광역시 울주군 언양읍 읍성로 27,울산광역시,울주군,언양읍 읍성로 27
신제주,"제주특별자치도 제주시 연북로 22, 101호",제주특별자치도,제주시,"연북로 22, 101호"
덕천,부산광역시 북구 덕천 1길 26,부산광역시,북구,덕천 1길 26
제물포,인천광역시 미추홀구 경인로 124,인천광역시,미추홀구,경인로 124
산본중앙,경기도 군포시 산본로 343번길 21,경기도,군포시,산본로 343번길 21
대구복현,대구광역시 북구 검단로 8,대구광역시,북구,검단로 8
대구지산,대구광역시 수성구 지범로 203,대구광역시,수성구,지범로 203
대구효목,대구광역시 수성구 화랑로 116,대구광역시,수성구,화랑로 116
양주리치마트,경기도 양주시 덕계동 평화로1415,경기도,양주시,덕계동 평화로1415
예산,충청남도 예산군 예산읍 예산로194번길 13-2,충청남도,예산군,예산읍 예산로194번길 13-2
울산대학,울산광역시 남구 대학로 90-1,울산광역시,남구,대학로 90-1
논산,충청남도 논산시 중앙로398번길 13-9 더 채움 리저브 건물 1층,충청남도,논산시,중앙로398번길 13-9 더 채움 리저브 건물 1층
남원,전라북도 남원시 남문로 448,전라북도,남원시,남문로 448
부천원미,경기도 부천시 원미구 부천로 53,경기도,부천시,원미구 부천로 53
대구봉덕,대구광역시 남구 봉덕로 90-1,대구광역시,남구,봉덕로 90-1
부천원종,경기도 부천시 소사로 756,경기도,부천시,소사로 756
정읍,전라북도 정읍시 조곡천 1길 55(수성동),전라북도,정읍시,조곡천 1길 55(수성동)
롯데부산본점시네마,부산광역시 부산진구 가야대로 772,부산광역시,부산진구,가야대로 772
부산비프광장,부산광역시 중구 구덕로 58-1,부산광역시,중구,구덕로 58-1
신갈,경기도 용인시 기흥구 신갈로 60,경기도,용인시,기흥구 신갈로 60
강릉터미날,강원도 강릉시 하슬라로 15,강원도,강릉시,하슬라로 15
보은,충청북도 보은군 보은읍 보은로 95,충청북도,보은군,보은읍 보은로 95
김해부원,경상남도 김해시 가락로 13,경상남도,김해시,가락로 13
화곡시장,서울특별시 강서구 가로공원로 76길 56 (화곡동) 1층,서울특별시,강서구,가로공원로 76길 56 (화곡동) 1층
상주,경상북도 상주시 중앙로 185,경상북도,상주시,중앙로 185
대구만촌,대구광역시 수성구 청호로 498,대구광역시,수성구,청호로 498
부산용호,부산광역시 남구 용호로 136-1,부산광역시,남구,용호로 136-1
양산,경상남도 양산시 삼일로 91,경상남도,양산시,삼일로 91
대천,충청남도 보령시 번영로 41(대천동),충청남도,보령시,번영로 41(대천동)
동대구,대구광역시 동구 동부로 30길 7(신세계백화점 맞은편),대구광역시,동구,동부로 30길 7(신세계백화점 맞은편)
금촌,경기도 파주시 문화로 105,경기도,파주시,문화로 105
여수중앙,전라남도 여수시 통제영3길12,전라남도,여수시,통제영3길12
공주,충청남도 공주시 웅진로 150,충청남도,공주시,웅진로 150
대구신암,대구광역시 동구 신암로 102-1,대구광역시,동구,신암로 102-1
군산,전라북도 군산시 대학로 52,전라북도,군산시,대학로 52
안산선부,경기도 안산시 단원구 달미로 63,경기도,안산시,단원구 달미로 63
대구감삼,대구광역시 서구 달구벌대로 1669,대구광역시,서구,달구벌대로 1669
대구상인,대구광역시 달서구 상인서로 107,대구광역시,달서구,상인서로 107
안산상록수,경기도 안산시 상록구 상록수로40,경기도,안산시,상록구 상록수로40
둔산선사,대전광역시 서구 청사서로 42 효성프라자 1층,대전광역시,서구,청사서로 42 효성프라자 1층
부천송내,경기도 부천시 원미구 부일로 202-13,경기도,부천시,원미구 부일로 202-13
마산창동,경상남도 창원시 마산합포구 창동거리길 28-1,경상남도,창원시,마산합포구 창동거리길 28-1
속초,강원도 속초시 금호동 중앙로 128,강원도,속초시,금호동 중앙로 128
부산진역,부산광역시 동구 중앙대로 377,부산광역시,동구,중앙대로 377
성대시장,서울특별시 동작구 동작구 상도3동 324-1 (지하철7호선 신대방삼거리역 1번출구),서울특별시,동작구,동작구 상도3동 324-1 (지하철7호선 신대방삼거리역 1번출구)
서귀포,제주특별자치도 서귀포시 중정로61번길 9(서귀포),제주특별자치도,서귀포시,중정로61번길 9(서귀포)
경산,경상북도 경산시 중앙로 83,경상북도,경산시,중앙로 83
응암,서울특별시 은평구 은평로 136,서울특별시,은평구,은평로 136
석계,서울특별시 노원구 화랑로 325,서울특별시,노원구,화랑로 325
온양,충청남도 아산시 온궁로 32,충청남도,아산시,온궁로 32
성남신흥,경기도 성남시 수정구 산성대로 241번길 239,경기도,성남시,수정구 산성대로 241번길 239
부산연산,부산광역시 연제구 반송로8,부산광역시,연제구,반송로8
인천계산,인천광역시 계양구 경명대로 1049(계산동),인천광역시,계양구,경명대로 1049(계산동)
순천,전라남도 순천시 중앙 6길 14,전라남도,순천시,중앙 6길 14
수원매탄,경기도 수원시 영통구 중부대로 248,경기도,수원시,영통구 중부대로 248
구로디지털역,서울특별시 관악구 시흥대로 578,서울특별시,관악구,시흥대로 578
대전동부,대전광역시 동구 동서대로1695번길 30,대전광역시,동구,동서대로1695번길 30
영주,경상북도 영주시 번영로 156,경상북도,영주시,번영로 156
대전버드내,대전광역시 중구 태평로 30,대전광역시,중구,태평로 30
구미,경상북도 구미시 구미중앙로 100,경상북도,구미시,구미중앙로 100
부산양정,부산광역시 부산진구 양정1동 중앙대로 901-1,부산광역시,부산진구,양정1동 중앙대로 901-1
불광,서울특별시 은평구 통일로 741,서울특별시,은평구,통일로 741
광주금남로,광주광역시 동구 서석로51,광주광역시,동구,서석로51
충주,충청북도 충주시 예성로151,충청북도,충주시,예성로151
제천,충청북도 제천시 풍양로13길 5,충청북도,제천시,풍양로13길 5
원당,경기도 고양시 덕양구 마상로 154번길 68 (성사동),경기도,고양시,덕양구 마상로 154번길 68 (성사동)
춘천명동,강원도 춘천시 조양동 125,강원도,춘천시,조양동 125
길동,서울특별시 강동구 천호대로 1124,서울특별시,강동구,천호대로 1124
포항,경상북도 포항시 북구 중앙로 282,경상북도,포항시,북구 중앙로 282
마들역,서울특별시 노원구 동일로 1528,서울특별시,노원구,동일로 1528
언더랜드,서울특별시 송파구 올림픽로 240,서울특별시,송파구,올림픽로 240
서울랜드점,경기도 과천시 막계동 광명로 181(서울랜드),경기도,과천시,막계동 광명로 181(서울랜드)
소공2호,서울특별시 중구 남대문로 81,서울특별시,중구,남대문로 81
동서울터미널,서울특별시 광진구 구의3동546-1,서울특별시,광진구,구의3동546-1
봉천,서울특별시 관악구 관악로212,서울특별시,관악구,관악로212
강릉,강원도 강릉시 경강로 2106,강원도,강릉시,경강로 2106
원주일산,강원도 원주시 천사로 213,강원도,원주시,천사로 213
성남,경기도 성남시 수정구 수정로 181,경기도,성남시,수정구 수정로 181
대전중앙,대전광역시 중구 선화동 3-3번지,대전광역시,중구,선화동 3-3번지
홈서비스과천,경기도 과천시 별양동 19-4,경기도,과천시,별양동 19-4
홈서비스부암(부산역),부산광역시 부산진구 부암동 722-3번지,부산광역시,부산진구,부암동 722-3번지
